"","V1","barcode_id","global_x","global_y","global_z","x","y","fov","gene","transcript_id"
"1",56483,12,8078.8354,8003.4326,3,1173.2799,1766.1777,1687,"TGFBR3","ENST00000212355"
"2",64074,14,8075.4053,8002.1167,3,1141.5186,1753.9943,1687,"XBP1","ENST00000216037"
"3",64874,14,8078.885,8011.8174,4,1173.7372,1843.8115,1687,"XBP1","ENST00000216037"
"4",80037,19,8078.6475,8000.5854,1,1171.5399,1739.8123,1687,"NFKBIA","ENST00000216797"
"5",80472,19,8078.481,8003.9272,2,1170,1770.7548,1687,"NFKBIA","ENST00000216797"
"6",80875,19,8079.174,8000.9297,3,1176.4138,1743,1687,"NFKBIA","ENST00000216797"
"7",80880,19,8079.0605,8001.8545,3,1175.367,1751.5658,1687,"NFKBIA","ENST00000216797"
"8",81326,19,8075.32,8003.485,4,1140.7277,1766.6598,1687,"NFKBIA","ENST00000216797"
"9",93698,23,8075.308,8003.2153,2,1140.6188,1764.1624,1687,"TGFB1","ENST00000221930"
"10",94555,23,8074.1943,8002.1577,4,1130.3092,1754.371,1687,"TGFB1","ENST00000221930"
"11",109952,28,8077.9897,8000.3184,2,1165.4486,1737.3407,1687,"ACTA2","ENST00000224784"
"12",109963,28,8075.712,8005.168,2,1144.3595,1782.2454,1687,"ACTA2","ENST00000224784"
"13",111194,28,8078.897,8005.727,4,1173.8525,1787.4198,1687,"ACTA2","ENST00000224784"
"14",123484,31,8079.8853,8006.1113,2,1183,1790.9773,1687,"WNT3","ENST00000225512"
"15",125686,32,8048.596,8000.4194,0,893.28595,1738.2787,1687,"CCL2","ENST00000225831"
"16",140275,36,8077.8794,8003.0557,2,1164.4286,1762.6844,1687,"NFKB1","ENST00000226574"
"17",140852,36,8073.1465,8002.01,3,1120.6073,1753.0013,1687,"NFKB1","ENST00000226574"
"18",145340,37,8078.7114,8003.532,2,1172.1332,1767.0968,1687,"CCND1","ENST00000227507"
"19",145350,37,8079.407,8005.8975,2,1178.5774,1789,1687,"CCND1","ENST00000227507"
"20",155668,39,8078.5176,8000.256,2,1170.3368,1736.7631,1687,"CDKN1B","ENST00000228872"
"21",177248,44,8075.7163,8003.927,2,1144.4,1770.75,1687,"IL12B","ENST00000231228"
"22",190181,47,8079.728,8010.594,1,1181.5447,1832.4894,1687,"DUSP1","ENST00000239223"
"23",191959,47,8078.555,8016.566,3,1170.6876,1887.7805,1687,"DUSP1","ENST00000239223"
"24",192764,47,8079.0117,8007.9824,4,1174.9152,1808.3064,1687,"DUSP1","ENST00000239223"
"25",193602,47,8079.641,8010.841,5,1180.7428,1834.7723,1687,"DUSP1","ENST00000239223"
"26",207498,50,8079.1997,8007.125,5,1176.6549,1800.3667,1687,"TNFSF10","ENST00000241261"
"27",219163,53,8075.548,8000.6084,2,1142.8401,1740.0264,1687,"LRP1","ENST00000243077"
"28",219171,53,8073.639,8003.058,2,1125.1694,1762.707,1687,"LRP1","ENST00000243077"
"29",221306,53,8078.505,8006.1733,5,1170.2198,1791.5544,1687,"LRP1","ENST00000243077"
"30",224347,54,8075.8,8002.6987,2,1145.1711,1759.3816,1687,"SNAI1","ENST00000244050"
"31",231881,56,8079.2373,8017.704,2,1177,1898.32,1687,"CDKN1A","ENST00000244741"
"32",233003,56,8079.3755,8018.2007,4,1178.2817,1902.9186,1687,"CDKN1A","ENST00000244741"
"33",233581,56,8079.993,8017.707,5,1184,1898.3455,1687,"CDKN1A","ENST00000244741"
"34",235234,57,8078.5054,8008.4766,0,1170.2236,1812.8799,1687,"SOX9","ENST00000245479"
"35",235244,57,8078.98,8009.964,0,1174.6171,1826.6492,1687,"SOX9","ENST00000245479"
"36",236454,57,8079.551,8003.3965,1,1179.9028,1765.8427,1687,"SOX9","ENST00000245479"
"37",237741,57,8079.379,8001.6265,2,1178.3135,1749.4532,1687,"SOX9","ENST00000245479"
"38",237771,57,8078.468,8005.907,2,1169.8765,1789.0897,1687,"SOX9","ENST00000245479"
"39",239185,57,8079.669,8018.9653,3,1181,1910,1687,"SOX9","ENST00000245479"
"40",239189,57,8079.8706,8019.804,3,1182.8677,1917.7672,1687,"SOX9","ENST00000245479"
"41",240387,57,8074.1396,8000.2837,4,1129.801,1737.0212,1687,"SOX9","ENST00000245479"
"42",240434,57,8076.9106,8007.351,4,1155.4592,1802.4607,1687,"SOX9","ENST00000245479"
"43",240439,57,8078.368,8007.8086,4,1168.9553,1806.6967,1687,"SOX9","ENST00000245479"
"44",240455,57,8077.637,8010.0894,4,1162.1884,1827.8116,1687,"SOX9","ENST00000245479"
"45",240496,57,8079.0493,8016.527,4,1175.2632,1887.4208,1687,"SOX9","ENST00000245479"
"46",241761,57,8078.8228,8016.0615,5,1173.1643,1883.1125,1687,"SOX9","ENST00000245479"
"47",241768,57,8079.0854,8017.1016,5,1175.5947,1892.7408,1687,"SOX9","ENST00000245479"
"48",247573,59,8079.2866,8010.5884,0,1177.459,1832.4335,1687,"CD70","ENST00000245903"
"49",268820,66,8075.862,8000.53,1,1145.746,1739.3005,1687,"BST2","ENST00000252593"
"50",268822,66,8077.993,8000.676,1,1165.4819,1740.6489,1687,"BST2","ENST00000252593"
"51",270216,66,8075.441,8003.0737,2,1141.8517,1762.8517,1687,"BST2","ENST00000252593"
"52",270217,66,8076.4824,8003.1978,2,1151.4939,1764,1687,"BST2","ENST00000252593"
"53",270221,66,8075.895,8003.7104,2,1146.0563,1768.7507,1687,"BST2","ENST00000252593"
"54",271576,66,8073.865,8002.154,3,1127.2603,1754.3353,1687,"BST2","ENST00000252593"
"55",271585,66,8075.614,8003.142,3,1143.4496,1763.4879,1687,"BST2","ENST00000252593"
"56",271590,66,8074.701,8003.454,3,1135,1766.3738,1687,"BST2","ENST00000252593"
"57",272885,66,8075.1675,8001.6616,4,1139.3186,1749.7787,1687,"BST2","ENST00000252593"
"58",272950,66,8079.124,8011.6655,4,1175.9546,1842.4093,1687,"BST2","ENST00000252593"
"59",272957,66,8079.3794,8013.1396,4,1178.3162,1856.0563,1687,"BST2","ENST00000252593"
"60",272988,66,8079.5874,8017.8726,4,1180.2448,1899.8817,1687,"BST2","ENST00000252593"
"61",274223,66,8079.0063,8002.991,5,1174.8646,1762.0917,1687,"BST2","ENST00000252593"
"62",274292,66,8077.644,8012.206,5,1162.251,1847.412,1687,"BST2","ENST00000252593"
"63",276498,67,8076.661,8004.1885,1,1153.1486,1773.1736,1687,"LGR6","ENST00000255432"
"64",277812,67,8077.1025,8006.6177,4,1157.2365,1795.6676,1687,"LGR6","ENST00000255432"
"65",278257,67,8077.6816,8002.386,5,1162.5995,1756.4884,1687,"LGR6","ENST00000255432"
"66",289769,71,8074.644,8001.0225,1,1134.4705,1743.8589,1687,"TBX3","ENST00000257566"
"67",295179,72,8075.546,8005.161,2,1142.824,1782.1807,1687,"CDK4","ENST00000257904"
"68",295230,72,8078.665,8017.675,2,1171.7046,1898.0492,1687,"CDK4","ENST00000257904"
"69",296955,72,8079.93,8014.963,4,1183.4159,1872.9375,1687,"CDK4","ENST00000257904"
"70",317404,77,8079.2627,8001.13,0,1177.2361,1744.8539,1687,"MMP7","ENST00000260227"
"71",318333,77,8079.345,8002.0723,1,1178,1753.5801,1687,"MMP7","ENST00000260227"
"72",318388,77,8079.729,8010.4336,1,1181.5533,1831,1687,"MMP7","ENST00000260227"
"73",321122,77,8078.793,8017.186,4,1172.8867,1893.5245,1687,"MMP7","ENST00000260227"
"74",321904,77,8079.658,8000.937,5,1180.9008,1743.0676,1687,"MMP7","ENST00000260227"
"75",321932,77,8079.453,8005.542,5,1179,1785.7078,1687,"MMP7","ENST00000260227"
"76",321946,77,8079.0034,8007.17,5,1174.834,1800.781,1687,"MMP7","ENST00000260227"
"77",321975,77,8078.5444,8012.8735,5,1170.5886,1853.5929,1687,"MMP7","ENST00000260227"
"78",328004,79,8079.7417,8011.158,0,1181.6737,1837.711,1687,"LRP6","ENST00000261349"
"79",329940,79,8074.98,8001.1216,3,1137.5826,1744.7778,1687,"LRP6","ENST00000261349"
"80",341491,82,8079.8374,8011.406,1,1182.5586,1840,1687,"CDH1","ENST00000261769"
"81",342198,82,8076.6387,8003.342,2,1152.9401,1765.3335,1687,"CDH1","ENST00000261769"
"82",342914,82,8079.911,8002.603,3,1183.2416,1758.4956,1687,"CDH1","ENST00000261769"
"83",342919,82,8076.1294,8004.5806,3,1148.2231,1776.8068,1687,"CDH1","ENST00000261769"
"84",342971,82,8079.488,8017.7495,3,1179.3212,1898.7384,1687,"CDH1","ENST00000261769"
"85",343717,82,8079.388,8019.8086,4,1178.397,1917.8076,1687,"CDH1","ENST00000261769"
"86",354418,85,8079.3735,8016.656,2,1178.2628,1888.6152,1687,"CREBBP","ENST00000262367"
"87",355276,85,8074.0264,8010.4204,3,1128.7511,1830.879,1687,"CREBBP","ENST00000262367"
"88",356066,85,8075.4487,8003.8105,4,1141.9227,1769.6779,1687,"CREBBP","ENST00000262367"
"89",356158,85,8079.993,8020.3022,4,1184,1922.3749,1687,"CREBBP","ENST00000262367"
"90",357017,85,8078.9985,8016.2915,5,1174.7919,1885.2416,1687,"CREBBP","ENST00000262367"
"91",363496,87,8074.6724,8000.15,1,1134.7324,1735.7825,1687,"BRD4","ENST00000263377"
"92",364507,87,8079.8643,8015.7476,3,1182.8074,1880.2041,1687,"BRD4","ENST00000263377"
"93",364986,87,8075.903,8005.5156,4,1146.1259,1785.4628,1687,"BRD4","ENST00000263377"
"94",364990,87,8077.7036,8006.543,4,1162.8016,1794.9741,1687,"BRD4","ENST00000263377"
"95",369565,89,8079.113,8001.54,0,1175.848,1748.6522,1687,"EPCAM","ENST00000263735"
"96",370303,89,8075.7534,8003.0894,1,1144.7437,1763,1687,"EPCAM","ENST00000263735"
"97",371631,89,8073.621,8000.9946,3,1125,1743.6011,1687,"EPCAM","ENST00000263735"
"98",373044,89,8079.344,8005.7627,5,1177.99,1787.7534,1687,"EPCAM","ENST00000263735"
"99",388447,93,8076.2363,8003.832,3,1149.2173,1769.8746,1687,"PIK3CA","ENST00000263967"
"100",391944,94,8077.0654,8001.8335,4,1156.8936,1751.3678,1687,"LAMC2","ENST00000264144"
"101",400733,97,8076.01,8001.846,1,1147.117,1751.4866,1687,"STAT3","ENST00000264657"
"102",423604,102,8079.282,8001.256,5,1177.4192,1746.0211,1687,"MSH3","ENST00000265081"
"103",434611,106,8076.6235,8006.7764,4,1152.801,1797.1371,1687,"CDK6","ENST00000265734"
"104",437109,107,8078.481,8003.0425,1,1170,1762.565,1687,"PMS2","ENST00000265849"
"105",437112,107,8076.8486,8003.898,1,1154.883,1770.4863,1687,"PMS2","ENST00000265849"
"106",448264,110,8077.7407,8004.366,2,1163.1436,1774.8228,1687,"CDK2","ENST00000266970"
"107",458392,113,8075.4287,8001.323,2,1141.7362,1746.6472,1687,"TP53","ENST00000269305"
"108",465195,114,8078.0566,8013.813,5,1166.0677,1862.2927,1687,"IFNAR1","ENST00000270139"
"109",484408,118,8078.955,8016.9795,5,1174.3892,1891.6108,1687,"SFRP2","ENST00000274063"
"110",492695,120,8078.0776,8004.038,5,1166.2645,1771.7848,1687,"EGFR","ENST00000275493"
"111",494701,121,8074.2197,8010.3247,1,1130.5448,1829.9917,1687,"DUSP6","ENST00000279488"
"112",503769,123,8051.834,8005.0205,0,923.2678,1780.8774,1687,"YAP1","ENST00000282441"
"113",504616,123,8078.7627,8003.6406,1,1172.6088,1768.104,1687,"YAP1","ENST00000282441"
"114",506281,123,8079.582,8001.4224,3,1180.1941,1747.564,1687,"YAP1","ENST00000282441"
"115",506298,123,8077.0415,8006.6724,3,1156.6685,1796.1726,1687,"YAP1","ENST00000282441"
"116",507128,123,8074.4395,8003.314,4,1132.5779,1765.0757,1687,"YAP1","ENST00000282441"
"117",508025,123,8076.828,8004.233,5,1154.6964,1773.5857,1687,"YAP1","ENST00000282441"
"118",549919,134,8075.497,8002.1465,2,1142.3691,1754.2659,1687,"MAML1","ENST00000292599"
"119",551407,134,8078.74,8001.9834,4,1172.3994,1752.7561,1687,"MAML1","ENST00000292599"
"120",562617,137,8076.163,8003.089,2,1148.5385,1762.9957,1687,"LRP5","ENST00000294304"
"121",564639,137,8079.8657,8005.864,5,1182.8184,1788.6893,1687,"LRP5","ENST00000294304"
"122",586202,143,8076.283,8000.9746,2,1149.6486,1743.4176,1687,"STAT6","ENST00000300134"
"123",588394,143,8073.6763,8002.7456,4,1125.512,1759.816,1687,"STAT6","ENST00000300134"
"124",588423,143,8077.4526,8006.683,4,1160.4775,1796.2719,1687,"STAT6","ENST00000300134"
"125",608410,147,8078.74,8012.4507,5,1172.3978,1849.678,1687,"ITGB1","ENST00000302278"
"126",610974,148,8075.81,8000.828,2,1145.2672,1742.0626,1687,"JUNB","ENST00000302754"
"127",616778,149,8079.8853,8018.38,2,1183,1904.5793,1687,"CEBPB","ENST00000303004"
"128",617839,149,8079.5186,8001.07,3,1179.6083,1744.3008,1687,"CEBPB","ENST00000303004"
"129",617860,149,8078.5156,8003.8257,3,1170.32,1769.8162,1687,"CEBPB","ENST00000303004"
"130",617908,149,8078.128,8011.646,3,1166.7289,1842.2281,1687,"CEBPB","ENST00000303004"
"131",619077,149,8074.197,8001.6855,4,1130.3308,1750,1687,"CEBPB","ENST00000303004"
"132",620306,149,8079.021,8018.081,5,1175,1901.811,1687,"CEBPB","ENST00000303004"
"133",623226,150,8078.823,8017.275,2,1173.1664,1894.3461,1687,"FOS","ENST00000303562"
"134",623772,150,8075.6387,8000.18,3,1143.6827,1736.0616,1687,"FOS","ENST00000303562"
"135",624382,150,8079.54,8004.5757,4,1179.8058,1776.7604,1687,"FOS","ENST00000303562"
"136",624384,150,8075.824,8005.3574,4,1145.4009,1784,1687,"FOS","ENST00000303562"
"137",633779,152,8073.8647,8002.4204,3,1127.255,1756.8062,1687,"IRS1","ENST00000305123"
"138",677179,161,8074.409,8002.802,1,1132.2974,1760.337,1687,"BCL2L1","ENST00000307677"
"139",677213,161,8073.488,8010.23,1,1123.7662,1829.1133,1687,"BCL2L1","ENST00000307677"
"140",678049,161,8077.0625,8005.284,2,1156.8633,1783.3229,1687,"BCL2L1","ENST00000307677"
"141",678077,161,8079.834,8011.3174,2,1182.5258,1839.1836,1687,"BCL2L1","ENST00000307677"
"142",678876,161,8076.6274,8000.813,3,1152.8352,1741.9187,1687,"BCL2L1","ENST00000307677"
"143",678881,161,8074.4546,8002.8413,3,1132.7188,1760.7003,1687,"BCL2L1","ENST00000307677"
"144",679713,161,8073.378,8001.2407,4,1122.7504,1745.8818,1687,"BCL2L1","ENST00000307677"
"145",680515,161,8079.355,8010.7573,5,1178.0934,1834,1687,"BCL2L1","ENST00000307677"
"146",681283,161,8063.498,8001.412,6,1031.2694,1747.4692,1687,"BCL2L1","ENST00000307677"
"147",690104,164,8079.3916,8003.4136,2,1178.4285,1766,1687,"TLR1","ENST00000308979"
"148",703039,166,8078.8564,8006.3823,4,1173.4747,1793.4874,1687,"VEGFB","ENST00000309422"
"149",705475,167,8074.2104,8002.4233,1,1130.4558,1756.8296,1687,"HRAS","ENST00000311189"
"150",730643,174,8079.4097,8016.237,3,1178.5978,1884.7319,1687,"NCAM1","ENST00000316851"
"151",730645,174,8079.561,8018.8257,3,1180,1908.7037,1687,"NCAM1","ENST00000316851"
"152",741750,177,8077.535,8003.2085,4,1161.2399,1764.1011,1687,"RORC","ENST00000318247"
"153",742112,177,8079.519,8011.5693,5,1179.6105,1841.5178,1687,"RORC","ENST00000318247"
"154",744041,178,8079.2896,8002.703,2,1177.4851,1759.4207,1687,"CD276","ENST00000318443"
"155",753077,181,8078.481,8001.445,0,1170,1747.7715,1687,"HIF1A","ENST00000323441"
"156",754197,181,8075.2036,8001.3345,2,1139.6528,1746.7511,1687,"HIF1A","ENST00000323441"
"157",754199,181,8075.462,8002.3335,2,1142.045,1756,1687,"HIF1A","ENST00000323441"
"158",762999,183,8076.375,8005.194,2,1150.4987,1782.4851,1687,"SOX2","ENST00000325404"
"159",778337,187,8077.2456,8003.0435,2,1158.5581,1762.5746,1687,"FBLN1","ENST00000327858"
"160",781774,188,8078.373,8004.5273,2,1169,1776.3138,1687,"IFITM1","ENST00000328221"
"161",785195,189,8077.7886,8001.459,1,1163.5885,1747.9005,1687,"CSF1","ENST00000329608"
"162",785796,189,8075.0913,8003.7017,2,1138.6108,1768.6663,1687,"CSF1","ENST00000329608"
"163",786992,189,8078.166,8005.784,4,1167.082,1787.9519,1687,"CSF1","ENST00000329608"
"164",789141,190,8079.322,8010.218,1,1177.7827,1829,1687,"EPHB3","ENST00000330394"
"165",789143,190,8079.3843,8011.001,1,1178.361,1836.2555,1687,"EPHB3","ENST00000330394"
"166",789591,190,8047.6953,8012.8765,2,884.9446,1853.618,1687,"EPHB3","ENST00000330394"
"167",790474,190,8073.4526,8002.8604,4,1123.4391,1760.879,1687,"EPHB3","ENST00000330394"
"168",790479,190,8077.838,8003.5635,4,1164.0442,1767.3881,1687,"EPHB3","ENST00000330394"
"169",798376,192,8074.1245,8002.4556,3,1129.6619,1757.1298,1687,"STING1","ENST00000330794"
"170",802144,193,8079.525,8019.3003,1,1179.6626,1913.101,1687,"SOCS3","ENST00000330871"
"171",802594,193,8079.4517,8010.761,2,1178.9886,1834.0359,1687,"SOCS3","ENST00000330871"
"172",809944,196,8078.0493,8008.8853,0,1166,1816.6644,1687,"PDGFB","ENST00000331163"
"173",810361,196,8077.486,8003.2646,1,1160.7861,1764.6215,1687,"PDGFB","ENST00000331163"
"174",811195,196,8075.953,8002.928,3,1146.5939,1761.5048,1687,"PDGFB","ENST00000331163"
"175",823627,200,8079.7065,8003.419,0,1181.3479,1766.0477,1687,"IL1R2","ENST00000332549"
"176",825019,200,8041.1807,8020.732,3,824.6271,1926.3547,1687,"IL1R2","ENST00000332549"
"177",835057,203,8079.539,8001.59,0,1179.7954,1749.112,1687,"PKM","ENST00000335181"
"178",835170,203,8079.8203,8008.3843,0,1182.3981,1812.0243,1687,"PKM","ENST00000335181"
"179",835180,203,8071.274,8009.0806,0,1103.269,1818.4742,1687,"PKM","ENST00000335181"
"180",835183,203,8078.2173,8009.2534,0,1167.5566,1820.0731,1687,"PKM","ENST00000335181"
"181",835189,203,8078.6733,8009.5054,0,1171.7788,1822.4048,1687,"PKM","ENST00000335181"
"182",835190,203,8079.102,8009.502,0,1175.7502,1822.3723,1687,"PKM","ENST00000335181"
"183",835195,203,8079.7866,8010.197,0,1182.0903,1828.8076,1687,"PKM","ENST00000335181"
"184",835221,203,8079.64,8012.2334,0,1180.7333,1847.6667,1687,"PKM","ENST00000335181"
"185",838087,203,8077.749,8000.9146,1,1163.221,1742.862,1687,"PKM","ENST00000335181"
"186",838123,203,8076.418,8002.2573,1,1150.896,1755.2946,1687,"PKM","ENST00000335181"
"187",838125,203,8074.8843,8002.426,1,1136.6964,1756.8535,1687,"PKM","ENST00000335181"
"188",838155,203,8078.609,8003.3447,1,1171.1843,1765.3627,1687,"PKM","ENST00000335181"
"189",838170,203,8076.2476,8004.1187,1,1149.318,1772.5272,1687,"PKM","ENST00000335181"
"190",838272,203,8079.8374,8011.1626,1,1182.56,1837.7506,1687,"PKM","ENST00000335181"
"191",838383,203,8079.9614,8018.8853,1,1183.7045,1909.2577,1687,"PKM","ENST00000335181"
"192",841336,203,8079.7544,8001.018,2,1181.7876,1743.8186,1687,"PKM","ENST00000335181"
"193",841341,203,8073.3887,8001.3096,2,1122.847,1746.5195,1687,"PKM","ENST00000335181"
"194",841357,203,8079.394,8002.458,2,1178.4541,1757.1545,1687,"PKM","ENST00000335181"
"195",841360,203,8078.5186,8002.6226,2,1170.3474,1758.6776,1687,"PKM","ENST00000335181"
"196",841362,203,8075.001,8002.709,2,1137.7777,1759.4746,1687,"PKM","ENST00000335181"
"197",841367,203,8075.6187,8002.9077,2,1143.496,1761.3185,1687,"PKM","ENST00000335181"
"198",841378,203,8076.282,8003.435,2,1149.6378,1766.2003,1687,"PKM","ENST00000335181"
"199",841380,203,8073.9375,8003.5693,2,1127.9297,1767.4403,1687,"PKM","ENST00000335181"
"200",841399,203,8077.7646,8004.6226,2,1163.3682,1777.1962,1687,"PKM","ENST00000335181"
"201",841405,203,8079.7207,8005.198,2,1181.4797,1782.524,1687,"PKM","ENST00000335181"
"202",841509,203,8079.6187,8011.172,2,1180.535,1837.8369,1687,"PKM","ENST00000335181"
"203",841656,203,8079.5884,8019.8853,2,1180.2505,1918.517,1687,"PKM","ENST00000335181"
"204",844682,203,8079.3,8000.7905,3,1177.5819,1741.711,1687,"PKM","ENST00000335181"
"205",844695,203,8073.4795,8001.449,3,1123.687,1747.8119,1687,"PKM","ENST00000335181"
"206",844701,203,8075.438,8001.682,3,1141.8231,1749.9681,1687,"PKM","ENST00000335181"
"207",844715,203,8075.186,8002.6025,3,1139.4904,1758.4904,1687,"PKM","ENST00000335181"
"208",844753,203,8077.9165,8004.049,3,1164.7743,1771.8817,1687,"PKM","ENST00000335181"
"209",844804,203,8077.334,8007.076,3,1159.3776,1799.9117,1687,"PKM","ENST00000335181"
"210",844805,203,8077.9185,8007.094,3,1164.7896,1800.0824,1687,"PKM","ENST00000335181"
"211",844969,203,8078.8906,8016.855,3,1173.7933,1890.4583,1687,"PKM","ENST00000335181"
"212",844988,203,8078.8633,8017.5713,3,1173.5394,1897.0889,1687,"PKM","ENST00000335181"
"213",848076,203,8074.5454,8003.645,4,1133.5585,1768.1453,1687,"PKM","ENST00000335181"
"214",848095,203,8076.047,8004.632,4,1147.4628,1777.2805,1687,"PKM","ENST00000335181"
"215",848115,203,8079.293,8005.986,4,1177.5164,1789.8185,1687,"PKM","ENST00000335181"
"216",848121,203,8077.068,8006.278,4,1156.9153,1792.5201,1687,"PKM","ENST00000335181"
"217",848136,203,8078.6694,8007.25,4,1171.7437,1801.5234,1687,"PKM","ENST00000335181"
"218",848143,203,8077.5254,8007.6914,4,1161.1501,1805.6108,1687,"PKM","ENST00000335181"
"219",848222,203,8078.2036,8011.625,4,1167.4324,1842.0331,1687,"PKM","ENST00000335181"
"220",848329,203,8079.072,8018.2153,4,1175.4702,1903.0515,1687,"PKM","ENST00000335181"
"221",851515,203,8078.477,8007.873,5,1169.9607,1807.293,1687,"PKM","ENST00000335181"
"222",851521,203,8079.6846,8008.137,5,1181.1447,1809.7358,1687,"PKM","ENST00000335181"
"223",860728,205,8077.166,8005.708,4,1157.8254,1787.2465,1687,"CA7","ENST00000338437"
"224",868359,207,8033.233,8017.943,4,751.0357,1900.5292,1687,"TNC","ENST00000341037"
"225",888574,213,8079.0493,8005.081,2,1175.2623,1781.4401,1687,"JAK1","ENST00000342505"
"226",889222,213,8079.9907,8006.871,3,1183.9763,1798.0134,1687,"JAK1","ENST00000342505"
"227",889908,213,8079.669,8007.7793,4,1181,1806.4227,1687,"JAK1","ENST00000342505"
"228",891207,213,8079.8027,8002.35,6,1182.2358,1756.1549,1687,"JAK1","ENST00000342505"
"229",905199,216,8078.7803,8010.811,5,1172.7709,1834.4933,1687,"IDH1","ENST00000345146"
"230",908615,217,8078.861,8017.5615,4,1173.5162,1897,1687,"BAX","ENST00000345358"
"231",911655,218,8078.11,8011.5137,3,1166.5647,1841,1687,"GATA3","ENST00000346208"
"232",929020,224,8078.588,8001.1895,0,1170.9904,1745.407,1687,"CTNNB1","ENST00000349496"
"233",930098,224,8076.5557,8003.4985,1,1152.1707,1766.788,1687,"CTNNB1","ENST00000349496"
"234",930130,224,8078.371,8009.7227,1,1168.9811,1824.4191,1687,"CTNNB1","ENST00000349496"
"235",931309,224,8079.9453,8019.1694,2,1183.5579,1911.8878,1687,"CTNNB1","ENST00000349496"
"236",931319,224,8079.7305,8020.115,2,1181.5668,1920.6456,1687,"CTNNB1","ENST00000349496"
"237",932359,224,8073.2734,8000.1772,3,1121.7819,1736.0343,1687,"CTNNB1","ENST00000349496"
"238",932390,224,8075.8994,8003.5127,3,1146.0956,1766.9161,1687,"CTNNB1","ENST00000349496"
"239",932392,224,8078.183,8003.8887,3,1167.2417,1770.3972,1687,"CTNNB1","ENST00000349496"
"240",932484,224,8079.6274,8016.5054,3,1180.6138,1887.2192,1687,"CTNNB1","ENST00000349496"
"241",933602,224,8078.433,8002.54,4,1169.5548,1757.9103,1687,"CTNNB1","ENST00000349496"
"242",933617,224,8075.489,8004.2754,4,1142.2915,1773.9819,1687,"CTNNB1","ENST00000349496"
"243",933624,224,8079.831,8006.1577,4,1182.4988,1791.4093,1687,"CTNNB1","ENST00000349496"
"244",933656,224,8078.157,8010.9424,4,1167,1835.7106,1687,"CTNNB1","ENST00000349496"
"245",933683,224,8078.83,8016.1377,4,1173.2329,1883.8153,1687,"CTNNB1","ENST00000349496"
"246",934865,224,8077.7524,8010.7505,5,1163.2518,1833.934,1687,"CTNNB1","ENST00000349496"
"247",974148,234,8074.4473,8001.443,3,1132.6508,1747.7551,1687,"TP63","ENST00000354600"
"248",979246,235,8076.68,8001.5513,4,1153.3262,1748.756,1687,"LAMB3","ENST00000356082"
"249",987838,238,8079.4116,8009.5386,0,1178.6182,1822.7134,1687,"NF1","ENST00000358273"
"250",989408,238,8075.1006,8000.8657,1,1138.6992,1742.4083,1687,"NF1","ENST00000358273"
"251",998778,239,8074.2046,8002.6523,4,1130.4032,1758.9521,1687,"EPHA2","ENST00000358432"
"252",998818,239,8079.5874,8019.5015,4,1180.2438,1914.9625,1687,"EPHA2","ENST00000358432"
"253",1005176,241,8079.351,8011.0225,0,1178.0542,1836.4535,1687,"KIR2DL4","ENST00000359085"
"254",1023032,245,8076.4146,8007.5024,4,1150.8643,1803.8611,1687,"HLA-DRB1","ENST00000360004"
"255",1048131,251,8079.9395,8016.0825,3,1183.5042,1883.3071,1687,"TGM2","ENST00000361475"
"256",1055401,253,8074.7827,8004.459,2,1135.7554,1775.6821,1687,"SOD2","ENST00000367055"
"257",1056670,253,8079.98,8016.0366,4,1183.8784,1882.879,1687,"SOD2","ENST00000367055"
"258",1107249,267,8079.777,8002.5337,1,1182,1757.8551,1687,"LMNA","ENST00000368300"
"259",1107259,267,8076.464,8003.69,1,1151.3224,1768.5588,1687,"LMNA","ENST00000368300"
"260",1118301,270,8075.1333,8001.9253,3,1139,1752.2183,1687,"S100A9","ENST00000368738"
"261",1129928,273,8078.775,8000.9297,1,1172.7217,1743,1687,"VCAM1","ENST00000370115"
"262",1137368,275,8077.4805,8008.9526,0,1160.7344,1817.2878,1687,"JUN","ENST00000371222"
"263",1137369,275,8078.3057,8009.0454,0,1168.3766,1818.1453,1687,"JUN","ENST00000371222"
"264",1137371,275,8079.2026,8009.9,0,1176.6814,1826.0598,1687,"JUN","ENST00000371222"
"265",1138027,275,8079.8516,8009.6167,1,1182.6896,1823.4347,1687,"JUN","ENST00000371222"
"266",1138702,275,8078.743,8009.682,2,1172.4265,1824.0415,1687,"JUN","ENST00000371222"
"267",1139370,275,8073.7637,8000.764,3,1126.3197,1741.4664,1687,"JUN","ENST00000371222"
"268",1139391,275,8078.9834,8005.337,3,1174.6498,1783.8094,1687,"JUN","ENST00000371222"
"269",1139393,275,8077.441,8005.5576,3,1160.3682,1785.8544,1687,"JUN","ENST00000371222"
"270",1139441,275,8079.1016,8017.0796,3,1175.7458,1892.5386,1687,"JUN","ENST00000371222"
"271",1139446,275,8078.8384,8018.9106,3,1173.309,1909.4895,1687,"JUN","ENST00000371222"
"272",1139448,275,8079.412,8019.1025,3,1178.6216,1911.2682,1687,"JUN","ENST00000371222"
"273",1140047,275,8078.879,8005.214,4,1173.6815,1782.6687,1687,"JUN","ENST00000371222"
"274",1140055,275,8079.9424,8006.5435,4,1183.5298,1794.9791,1687,"JUN","ENST00000371222"
"275",1140743,275,8079.4243,8007.772,5,1178.7334,1806.3561,1687,"JUN","ENST00000371222"
"276",1159508,280,8076.618,8000.551,1,1152.7524,1739.4917,1687,"VEGFA","ENST00000372067"
"277",1168419,280,8079.141,8000.0767,6,1176.1091,1735.1031,1687,"VEGFA","ENST00000372067"
"278",1183508,285,8079.3286,8003.207,2,1177.8463,1764.09,1687,"HDAC1","ENST00000373548"
"279",1184208,285,8074.058,8001.7925,3,1129.0442,1750.9895,1687,"HDAC1","ENST00000373548"
"280",1184212,285,8075.2983,8002.4688,3,1140.5322,1757.2526,1687,"HDAC1","ENST00000373548"
"281",1184216,285,8079.2217,8003.571,3,1176.855,1767.4567,1687,"HDAC1","ENST00000373548"
"282",1184894,285,8076.6733,8005.941,4,1153.2635,1789.3994,1687,"HDAC1","ENST00000373548"
"283",1184900,285,8076.0654,8006.9517,4,1147.6307,1798.7594,1687,"HDAC1","ENST00000373548"
"284",1185578,285,8079.4414,8011.831,5,1178.8938,1843.9408,1687,"HDAC1","ENST00000373548"
"285",1213488,292,8078.893,8019.365,2,1173.8153,1913.7028,1687,"HLA-DMA","ENST00000374843"
"286",1213937,292,8078.791,8016.225,3,1172.8716,1884.6244,1687,"HLA-DMA","ENST00000374843"
"287",1214363,292,8073.1543,8002.1465,4,1120.6799,1754.268,1687,"HLA-DMA","ENST00000374843"
"288",1216993,293,8079.5513,8003.605,2,1179.9089,1767.7715,1687,"NRP1","ENST00000374875"
"289",1218731,293,8078.733,8001.297,5,1172.3307,1746.4016,1687,"NRP1","ENST00000374875"
"290",1219718,294,8079.4023,8003.1064,0,1178.531,1763.1571,1687,"TAP2","ENST00000374897"
"291",1229916,296,8078.962,8010.767,5,1174.4529,1834.0896,1687,"PLA2G2A","ENST00000375111"
"292",1244098,300,8079.9,8016.968,3,1183.139,1891.5001,1687,"HLA-C","ENST00000376228"
"293",1257455,304,8078.592,8004.998,3,1171.0245,1780.6691,1687,"SPRY2","ENST00000377104"
"294",1262651,305,8079.976,8003.051,2,1183.8439,1762.6407,1687,"MYC","ENST00000377970"
"295",1263987,305,8079.1694,8006.9097,3,1176.3732,1798.3716,1687,"MYC","ENST00000377970"
"296",1265397,305,8079.777,8019.315,4,1182,1913.2368,1687,"MYC","ENST00000377970"
"297",1266593,305,8078.6978,8005.706,5,1172.0048,1787.228,1687,"MYC","ENST00000377970"
"298",1302457,313,8079.6655,8004.612,2,1180.9648,1777.0952,1687,"LDHA","ENST00000379412"
"299",1335344,321,8079.587,8017.4136,3,1180.2386,1895.6307,1687,"IFNGR2","ENST00000381995"
"300",1348519,325,8079.716,8005.3574,2,1181.4308,1784,1687,"GPX3","ENST00000388825"
"301",1351073,326,8011.392,8021.8013,0,548.8063,1936.2545,1687,"CD8B","ENST00000390655"
"302",1354684,327,8079.8853,8011.156,0,1183,1837.6862,1687,"IL4I1","ENST00000391826"
"303",1379247,332,8028.651,8007.451,1,708.60925,1803.3833,1687,"CCL8","ENST00000394620"
"304",1394754,336,8075.7744,8004.4673,2,1144.9363,1775.7559,1687,"SPP1","ENST00000395080"
"305",1399254,337,8078.2407,8000.429,1,1167.7736,1738.3658,1687,"HLA-DRA","ENST00000395388"
"306",1400333,337,8078.6836,8010.1406,2,1171.876,1828.2899,1687,"HLA-DRA","ENST00000395388"
"307",1401466,337,8079.6367,8010.3564,3,1180.7003,1830.2871,1687,"HLA-DRA","ENST00000395388"
"308",1402579,337,8075.5117,8004.5854,4,1142.5071,1776.8489,1687,"HLA-DRA","ENST00000395388"
"309",1405730,338,8076.41,8001.3394,1,1150.8264,1746.7933,1687,"LGALS9","ENST00000395473"
"310",1406694,338,8079.18,8001.1704,3,1176.4742,1745.2302,1687,"LGALS9","ENST00000395473"
"311",1406727,338,8074.9346,8010.829,3,1137.1617,1834.662,1687,"LGALS9","ENST00000395473"
"312",1407154,338,8073.7793,8000.8774,4,1126.4669,1742.5156,1687,"LGALS9","ENST00000395473"
"313",1407631,338,8079.3506,8013.2656,5,1178.0488,1857.2236,1687,"LGALS9","ENST00000395473"
"314",1423766,343,8079.4937,8020.1484,3,1179.3772,1920.9517,1687,"NFE2L2","ENST00000397062"
"315",1429126,344,8079.6045,8012.305,5,1180.4009,1848.3287,1687,"TEAD4","ENST00000397122"
"316",1436576,346,8076.775,8004.819,4,1154.2037,1779.0133,1687,"MET","ENST00000397752"
"317",1437349,346,8079.345,8017.1006,5,1178,1892.7334,1687,"MET","ENST00000397752"
"318",1447499,349,8075.9033,8002.8086,2,1146.1301,1760.3982,1687,"CX3CR1","ENST00000399220"
"319",1472464,355,8026.3096,8017.0586,2,686.9284,1892.3408,1687,"CHEK2","ENST00000404276"
"320",1475354,356,8077.7017,8002.293,1,1162.7809,1755.6255,1687,"RELA","ENST00000406246"
"321",1481213,358,8078.3276,8012.9497,0,1168.5807,1854.2985,1687,"AKT1","ENST00000407796"
"322",1482624,358,8077.815,8000.6978,2,1163.8309,1740.8558,1687,"AKT1","ENST00000407796"
"323",1483356,358,8077.455,8002.752,3,1160.4999,1759.8721,1687,"AKT1","ENST00000407796"
"324",1483373,358,8077.9976,8006.45,3,1165.5214,1794.1162,1687,"AKT1","ENST00000407796"
"325",1484106,358,8076.29,8005.8823,4,1149.7133,1788.8583,1687,"AKT1","ENST00000407796"
"326",1495115,361,8079.3853,8004.913,3,1178.3711,1779.8867,1687,"FGFR3","ENST00000412135"
"327",1530788,369,8079.021,8018.6416,4,1175,1907,1687,"AMOTL2","ENST00000422605"
"328",1534512,370,8075.744,8002.5107,3,1144.6599,1757.6428,1687,"FGFR1","ENST00000425967"
"329",1557209,375,8079.8525,8010.194,6,1182.6971,1828.7795,1687,"TAPBP","ENST00000434618"
"330",1558171,376,8079.993,8010.235,1,1184,1829.1616,1687,"MLH1","ENST00000435176"
"331",1575444,381,8072.931,8009.4014,2,1118.6139,1821.4424,1687,"CD1C","ENST00000443761"
"332",1592522,385,8078.8047,8016.948,5,1172.9958,1891.3209,1687,"IKZF2","ENST00000451136"
"333",1648866,400,8076.3955,8002.9683,2,1150.6897,1761.8748,1687,"TMEM59","ENST00000470395"
"334",1650656,401,8062.895,8008.295,0,1025.684,1811.1985,1687,"COL6A3","ENST00000473258"
"335",1686675,411,8079.637,8019.6543,1,1180.7043,1916.3788,1687,"MUC1","ENST00000485118"
"336",1687486,411,8079.777,8009.861,2,1182,1825.6962,1687,"MUC1","ENST00000485118"
"337",1688303,411,8074.4683,8003.691,3,1132.844,1768.57,1687,"MUC1","ENST00000485118"
"338",1689121,411,8077.6978,8004.8677,4,1162.7462,1779.4619,1687,"MUC1","ENST00000485118"
"339",1697467,414,8079.552,8003.918,0,1179.9121,1770.6685,1687,"BRAF","ENST00000496384"
"340",1704122,415,8074.5337,8003.0225,3,1133.45,1762.3787,1687,"HLA-DPB1","ENST00000498038"
"341",1752134,427,8077.852,8001.875,1,1164.1774,1751.756,1687,"PTK2","ENST00000523539"
"342",1759284,428,8079.196,8001.9995,2,1176.6157,1752.9083,1687,"TEAD1","ENST00000527636"
"343",1760140,428,8073.136,8002.493,3,1120.5106,1757.4774,1687,"TEAD1","ENST00000527636"
"344",1760169,428,8078.8877,8006.9253,3,1173.764,1798.5151,1687,"TEAD1","ENST00000527636"
"345",1765713,429,8008.546,8002.516,4,522.45294,1757.692,1687,"FLI1","ENST00000527786"
"346",1779094,433,8079.466,8018.488,1,1179.1171,1905.5764,1687,"TCF7L2","ENST00000534894"
"347",1780196,433,8079.986,8004.576,3,1183.9348,1776.7642,1687,"TCF7L2","ENST00000534894"
"348",1813091,441,8077.651,8002.01,1,1162.3146,1753,1687,"ERBB2","ENST00000541774"
"349",1813913,441,8079.293,8002.2256,2,1177.5165,1755,1687,"ERBB2","ENST00000541774"
"350",1814758,441,8078.48,8015.349,3,1169.99,1876.5154,1687,"ERBB2","ENST00000541774"
"351",1816344,441,8079.4,8017.258,5,1178.5094,1894.1897,1687,"ERBB2","ENST00000541774"
"352",1826171,444,8074.9854,8001.9014,1,1137.6342,1752,1687,"MSH2","ENST00000543555"
"353",1836869,447,8078.5024,8002.779,1,1170.1975,1760.124,1687,"CCR3","ENST00000545097"
"354",1858456,452,8076.594,8002.4746,1,1152.529,1757.3058,1687,"NDUFA4L2","ENST00000554503"
"355",1861780,452,8074.7827,8000.8164,4,1135.7554,1741.9528,1687,"NDUFA4L2","ENST00000554503"
"356",1861793,452,8074.8647,8003.6455,4,1136.5167,1768.1455,1687,"NDUFA4L2","ENST00000554503"
"357",1862893,452,8077.3643,8012.803,5,1159.6582,1852.9402,1687,"NDUFA4L2","ENST00000554503"
"358",1866849,454,8079.93,8009.88,0,1183.4163,1825.8746,1687,"IGF1R","ENST00000558898"
"359",1912372,467,8075.6074,8001.26,1,1143.3931,1746.059,1687,"STAT5A","ENST00000588868"
"360",1951155,477,8076.4263,8001.444,2,1150.9738,1747.764,1687,"CDH5","ENST00000614547"
"361",1975923,483,8076.415,8003.7,2,1150.8701,1768.6547,1687,"EPHB4","ENST00000616502"
"362",1977329,483,8079.1885,8017.8857,4,1176.5481,1900,1687,"EPHB4","ENST00000616502"
"363",1985088,485,8074.9897,8000.007,1,1137.6741,1734.4578,1687,"CIITA","ENST00000618207"
"364",1987076,485,8076.4194,8005.441,4,1150.9113,1784.7716,1687,"CIITA","ENST00000618207"
"365",2020147,493,8078.1167,8004.628,2,1166.6261,1777.2441,1687,"SERPINA1","ENST00000636712"
"366",2021101,493,8075.796,8000.5586,3,1145.1365,1739.5642,1687,"SERPINA1","ENST00000636712"
"367",2021143,493,8078.044,8007.0884,3,1165.9532,1800.0265,1687,"SERPINA1","ENST00000636712"
"368",2021169,493,8078.5015,8012.551,3,1170.1888,1850.6039,1687,"SERPINA1","ENST00000636712"
"369",2022016,493,8075.0894,8001.0376,4,1138.5938,1744,1687,"SERPINA1","ENST00000636712"
"370",2022115,493,8079.1714,8015.8066,4,1176.3907,1880.7516,1687,"SERPINA1","ENST00000636712"
"371",2022121,493,8079.5767,8016.9814,4,1180.1453,1891.6276,1687,"SERPINA1","ENST00000636712"
"372",2022125,493,8079.0854,8017.721,4,1175.5963,1898.4791,1687,"SERPINA1","ENST00000636712"
"373",2022962,493,8079.7305,8007.239,5,1181.5673,1801.4204,1687,"SERPINA1","ENST00000636712"
"374",2023029,493,8079.197,8017.8345,5,1176.6263,1899.5253,1687,"SERPINA1","ENST00000636712"
"375",2049146,501,8077.6294,8002.1377,1,1162.112,1754.187,1687,"Blank-2","Blank-2"
"376",2084581,510,8077.7827,8001.0605,1,1163.5321,1744.2123,1687,"Blank-11","Blank-11"
"377",2106454,516,8049.213,8006.506,0,899,1794.6315,1687,"Blank-17","Blank-17"
"378",2181067,534,8074.327,8001.342,3,1131.5353,1746.8152,1687,"Blank-35","Blank-35"
"379",577,0,8001.994,8072.2656,1,428.04654,543.9191,1711,"PDK4","ENST00000005178"
"380",3358,1,8001.051,8073.7397,0,419.31177,557.5682,1711,"CCL26","ENST00000005180"
"381",30762,6,8057.5435,8068.101,2,942.3899,505.35907,1711,"TNFRSF17","ENST00000053243"
"382",46753,10,8063.702,8038.464,0,999.41895,230.93785,1711,"NFKB2","ENST00000189444"
"383",46879,10,8003.0923,8074.3,0,438.21527,562.7543,1711,"NFKB2","ENST00000189444"
"384",48708,10,8002.6055,8051.5957,3,433.70602,352.53204,1711,"NFKB2","ENST00000189444"
"385",60754,14,8003.3804,8071.5625,0,440.88217,537.4092,1711,"XBP1","ENST00000216037"
"386",99075,27,8001.177,8071.3022,0,420.47653,535,1711,"SERPINE1","ENST00000223095"
"387",99076,27,8003.8154,8071.387,0,444.90793,535.78253,1711,"SERPINE1","ENST00000223095"
"388",99077,27,8000.376,8071.6797,0,413.06506,538.4943,1711,"SERPINE1","ENST00000223095"
"389",99078,27,8001.909,8073.3794,0,427.2603,554.2298,1711,"SERPINE1","ENST00000223095"
"390",99080,27,8004.2573,8073.9556,0,449,559.5644,1711,"SERPINE1","ENST00000223095"
"391",99082,27,8000.676,8075.1865,0,415.8394,570.96234,1711,"SERPINE1","ENST00000223095"
"392",99436,27,8001.773,8074.1733,1,426,561.5844,1711,"SERPINE1","ENST00000223095"
"393",99438,27,8002.0347,8075.0835,1,428.42108,570.00854,1711,"SERPINE1","ENST00000223095"
"394",99439,27,8002.6577,8075.12,1,434.19135,570.34906,1711,"SERPINE1","ENST00000223095"
"395",101512,28,8078.993,8052.055,0,1141,356.785,1711,"ACTA2","ENST00000224784"
"396",132561,34,8004.1157,8074.9263,3,447.69003,568.555,1711,"COL1A1","ENST00000225964"
"397",137668,36,8078.8853,8052.487,0,1140,360.7789,1711,"NFKB1","ENST00000226574"
"398",140834,36,8000.171,8046.719,4,411.1659,307.3785,1711,"NFKB1","ENST00000226574"
"399",144097,37,8076.133,8052.4146,1,1114.5146,360.11304,1711,"CCND1","ENST00000227507"
"400",152994,39,8076.2827,8052.7266,0,1115.9048,363,1711,"CDKN1B","ENST00000228872"
"401",159348,40,8003.804,8074.094,0,444.80685,560.84766,1711,"IFNG","ENST00000229135"
"402",182580,46,8003.6685,8075.347,0,443.54944,572.45056,1711,"TGFB3","ENST00000238682"
"403",186243,47,8000.0576,8052.8467,0,410.11725,364.11215,1711,"DUSP1","ENST00000239223"
"404",186253,47,8066.865,8054.1953,0,1028.7028,376.59915,1711,"DUSP1","ENST00000239223"
"405",186387,47,8002.91,8074.662,0,436.5302,566.10767,1711,"DUSP1","ENST00000239223"
"406",187810,47,8003.6294,8076.069,1,443.18597,579.1335,1711,"DUSP1","ENST00000239223"
"407",189197,47,8004.503,8072.7207,2,451.27533,548.1323,1711,"DUSP1","ENST00000239223"
"408",193403,47,8000.2144,8079.9673,5,411.56494,615.22986,1711,"DUSP1","ENST00000239223"
"409",201916,50,8006.006,8073.8022,1,465.18982,558.1471,1711,"TNFSF10","ENST00000241261"
"410",208615,51,8014.883,8073.1846,2,547.38666,552.4247,1711,"CXCR4","ENST00000241393"
"411",214940,53,8067.0664,8055.054,0,1030.5686,384.55292,1711,"LRP1","ENST00000243077"
"412",215026,53,8004.059,8069.656,0,447.16516,519.7548,1711,"LRP1","ENST00000243077"
"413",215038,53,8001.7544,8070.905,0,425.8268,531.31744,1711,"LRP1","ENST00000243077"
"414",219371,53,8071.7593,8039.3975,3,1074.0205,239.58485,1711,"LRP1","ENST00000243077"
"415",224278,53,8046.3833,8071.847,6,839.05646,540.04205,1711,"LRP1","ENST00000243077"
"416",236513,56,8002.9546,8070.8105,0,436.94135,530.4457,1711,"CDKN1A","ENST00000244741"
"417",236518,56,8006.012,8071.3726,0,465.25186,535.6484,1711,"CDKN1A","ENST00000244741"
"418",236525,56,8000.909,8072.2544,0,418,543.8135,1711,"CDKN1A","ENST00000244741"
"419",236528,56,8004.7446,8072.458,0,453.51517,545.69745,1711,"CDKN1A","ENST00000244741"
"420",236530,56,8003.393,8073.217,0,441,552.7241,1711,"CDKN1A","ENST00000244741"
"421",236536,56,8000.9897,8074.762,0,418.74457,567.033,1711,"CDKN1A","ENST00000244741"
"422",236540,56,8003.197,8074.8047,0,439.1796,567.4286,1711,"CDKN1A","ENST00000244741"
"423",236542,56,8000.401,8075.2676,0,413.29434,571.71387,1711,"CDKN1A","ENST00000244741"
"424",236544,56,8003.203,8075.4233,0,439.24078,573.15546,1711,"CDKN1A","ENST00000244741"
"425",237249,56,8066.3335,8062.764,1,1023.7799,455.94254,1711,"CDKN1A","ENST00000244741"
"426",237294,56,8005.58,8072.5596,1,461.25146,546.63916,1711,"CDKN1A","ENST00000244741"
"427",237296,56,8002.6343,8072.8027,1,433.97235,548.89197,1711,"CDKN1A","ENST00000244741"
"428",237307,56,8002.3936,8074.857,1,431.7459,567.9139,1711,"CDKN1A","ENST00000244741"
"429",240293,56,8001.9165,8076.8076,5,427.32864,585.97565,1711,"CDKN1A","ENST00000244741"
"430",241103,56,8008.687,8076.919,6,490.01917,587.0034,1711,"CDKN1A","ENST00000244741"
"431",241848,57,8076.5093,8052.033,0,1118,356.58282,1711,"SOX9","ENST00000245479"
"432",241958,57,8003.7983,8074.3486,0,444.75314,563.20575,1711,"SOX9","ENST00000245479"
"433",241962,57,8000.1606,8075.5405,0,411.07053,574.2407,1711,"SOX9","ENST00000245479"
"434",242755,57,8006.2075,8071.709,1,467.06055,538.7657,1711,"SOX9","ENST00000245479"
"435",256030,61,8004.604,8071.815,0,452.21213,539.7429,1711,"CCR7","ENST00000246657"
"436",256041,61,8001.711,8076.08,0,425.42267,579.2383,1711,"CCR7","ENST00000246657"
"437",256042,61,8004.1963,8076.5527,0,448.43472,583.6136,1711,"CCR7","ENST00000246657"
"438",260960,62,8060.7305,8032.789,4,971.9027,178.39638,1711,"KLF2","ENST00000248071"
"439",268849,66,8004.5596,8069.652,0,451.79965,519.7166,1711,"BST2","ENST00000252593"
"440",268851,66,8003.75,8071.1094,0,444.30603,533.2125,1711,"BST2","ENST00000252593"
"441",268857,66,8002.3745,8072.2627,0,431.56995,543.89136,1711,"BST2","ENST00000252593"
"442",269652,66,8000.6934,8075.9907,1,416,578.4085,1711,"BST2","ENST00000252593"
"443",272769,66,8010.344,8078.354,5,505.36047,600.2918,1711,"BST2","ENST00000252593"
"444",276108,67,8005.0356,8048.6235,6,456.20926,325.0094,1711,"LGR6","ENST00000255432"
"445",287548,72,8076.2295,8052.429,0,1115.4086,360.2483,1711,"CDK4","ENST00000257904"
"446",307915,77,8003.162,8073.319,1,438.85928,553.67194,1711,"MMP7","ENST00000260227"
"447",307927,77,8000.8647,8075.8525,1,417.5899,577.13086,1711,"MMP7","ENST00000260227"
"448",308774,77,8002.927,8074.693,2,436.6794,566.39343,1711,"MMP7","ENST00000260227"
"449",309577,77,8001.5522,8053.6777,3,423.95306,371.80936,1711,"MMP7","ENST00000260227"
"450",318834,79,8012.5483,8071.0864,1,525.77167,533,1711,"LRP6","ENST00000261349"
"451",329542,81,8003.501,8075.781,0,442,576.46564,1711,"PROX1","ENST00000261454"
"452",332531,82,8003.7437,8071.916,0,444.24765,540.67993,1711,"CDH1","ENST00000261769"
"453",332533,82,8005.013,8072.3823,0,456,545,1711,"CDH1","ENST00000261769"
"454",332535,82,8006.309,8072.8774,0,468,549.5837,1711,"CDH1","ENST00000261769"
"455",332540,82,8005.424,8074.154,0,459.80295,561.402,1711,"CDH1","ENST00000261769"
"456",332541,82,8003.933,8074.176,0,446,561.604,1711,"CDH1","ENST00000261769"
"457",332546,82,8000.529,8075.998,0,414.48068,578.47955,1711,"CDH1","ENST00000261769"
"458",332547,82,8004.004,8076.2993,0,446.6533,581.2661,1711,"CDH1","ENST00000261769"
"459",333057,82,8004.409,8072.5923,1,450.4087,546.9434,1711,"CDH1","ENST00000261769"
"460",333064,82,8003.247,8074.6895,1,439.64926,566.36255,1711,"CDH1","ENST00000261769"
"461",334817,82,8011.874,8079.862,4,519.52686,614.2554,1711,"CDH1","ENST00000261769"
"462",343168,85,8001.643,8071.3574,1,424.7952,535.50824,1711,"CREBBP","ENST00000262367"
"463",343189,85,8003.3184,8077.3506,1,440.3076,591,1711,"CREBBP","ENST00000262367"
"464",356550,87,8076.229,8052.009,0,1115.4055,356.3545,1711,"BRD4","ENST00000263377"
"465",356576,87,8002.542,8065.8545,0,433.12048,484.55472,1711,"BRD4","ENST00000263377"
"466",356587,87,8004.353,8069.3423,0,449.88715,516.8511,1711,"BRD4","ENST00000263377"
"467",356589,87,8003.515,8069.866,0,442.12885,521.7035,1711,"BRD4","ENST00000263377"
"468",356595,87,8003.9473,8073.001,0,446.13303,550.726,1711,"BRD4","ENST00000263377"
"469",361275,89,8004.716,8073.7866,0,453.2458,558,1711,"EPCAM","ENST00000263735"
"470",366254,90,8001.7056,8073.3203,1,425.37622,553.6855,1711,"AKT3","ENST00000263826"
"471",374132,93,8005.789,8070.0244,0,463.18326,523.1672,1711,"PIK3CA","ENST00000263967"
"472",377044,94,8003.3735,8075.764,0,440.81653,576.3101,1711,"LAMC2","ENST00000264144"
"473",377271,94,8000.8423,8052.8657,1,417.37967,364.28983,1711,"LAMC2","ENST00000264144"
"474",377298,94,8004.784,8070.6724,1,453.87997,529.16516,1711,"LAMC2","ENST00000264144"
"475",384607,97,8004.14,8070.514,1,447.91855,527.70074,1711,"STAT3","ENST00000264657"
"476",384625,97,8000.7534,8076.279,1,416.5603,581.0785,1711,"STAT3","ENST00000264657"
"477",405611,102,8002.0054,8074.536,1,428.14972,564.9434,1711,"MSH3","ENST00000265081"
"478",416945,105,8004.8154,8059.658,3,454.171,427.1824,1711,"LAMP3","ENST00000265598"
"479",437000,111,8002.479,8078.0073,1,432.53763,597.0805,1711,"RB1","ENST00000267163"
"480",438004,111,8001.87,8055.867,3,426.89838,392.08084,1711,"RB1","ENST00000267163"
"481",443207,113,8075.804,8052.37,1,1111.4729,359.70084,1711,"TP53","ENST00000269305"
"482",448696,113,8007.209,8077.507,5,476.33145,592.449,1711,"TP53","ENST00000269305"
"483",475345,120,8002.341,8069.4434,0,431.25714,517.7878,1711,"EGFR","ENST00000275493"
"484",475349,120,8001.704,8073.4624,0,425.35913,555,1711,"EGFR","ENST00000275493"
"485",486251,123,8002.8057,8076.332,1,435.56012,581.571,1711,"YAP1","ENST00000282441"
"486",487023,123,8015.6455,8073.4854,2,554.4493,555.2124,1711,"YAP1","ENST00000282441"
"487",488534,123,8000.1187,8045.6157,4,410.6804,297.15924,1711,"YAP1","ENST00000282441"
"488",488592,123,8000.7314,8056.175,4,416.35657,394.93002,1711,"YAP1","ENST00000282441"
"489",488679,123,8010.3574,8078.3145,4,505.48297,599.9278,1711,"YAP1","ENST00000282441"
"490",490338,123,8003.178,8075.0625,6,439.00882,569.8153,1711,"YAP1","ENST00000282441"
"491",510123,129,8002.2275,8073.431,2,430.2066,554.71027,1711,"PREX2","ENST00000288368"
"492",510124,129,8002.7524,8075.2764,2,435.0676,571.7945,1711,"PREX2","ENST00000288368"
"493",555306,143,8001.1475,8071.0864,0,420.2078,533,1711,"STAT6","ENST00000300134"
"494",566033,144,8025.1367,8072.5093,6,642.33,546.175,1711,"CD3D","ENST00000300692"
"495",566460,145,8000.6377,8075.5703,0,415.4857,574.5166,1711,"CD14","ENST00000302014"
"496",576864,147,8005.013,8069.938,0,456,522.36566,1711,"ITGB1","ENST00000302278"
"497",576867,147,8004.9907,8070.774,0,455.7906,530.1082,1711,"ITGB1","ENST00000302278"
"498",576881,147,8004.2705,8074.6294,0,449.1236,565.80707,1711,"ITGB1","ENST00000302278"
"499",581194,148,8001.0146,8070.443,0,418.9791,527.0419,1711,"JUNB","ENST00000302754"
"500",581198,148,8001.8096,8072.2,0,426.33908,543.3132,1711,"JUNB","ENST00000302754"
"501",581207,148,8003.139,8074.0757,0,438.64618,560.6795,1711,"JUNB","ENST00000302754"
"502",582184,148,8007.027,8078.945,2,474.6452,605.7627,1711,"JUNB","ENST00000302754"
"503",582599,148,8001.087,8048.1367,3,419.64417,320.50256,1711,"JUNB","ENST00000302754"
"504",584218,148,8002.8257,8078.5483,6,435.74533,602.0937,1711,"JUNB","ENST00000302754"
"505",588913,149,8001.275,8064.542,4,421.38858,472.40372,1711,"CEBPB","ENST00000303004"
"506",588985,149,8001.363,8077.1343,4,422.2014,589,1711,"CEBPB","ENST00000303004"
"507",592336,150,8004.608,8070.884,1,452.2486,531.1235,1711,"FOS","ENST00000303562"
"508",592338,150,8001.557,8071.611,1,424,537.856,1711,"FOS","ENST00000303562"
"509",592357,150,8001.201,8078.613,1,420.70193,602.68787,1711,"FOS","ENST00000303562"
"510",602483,152,8001.233,8072.3823,0,421,545,1711,"IRS1","ENST00000305123"
"511",603553,152,8003.952,8075.1543,2,446.17664,570.66614,1711,"IRS1","ENST00000305123"
"512",643565,161,8001.88,8070.1704,0,426.9882,524.5167,1711,"BCL2L1","ENST00000307677"
"513",643566,161,8006.532,8070.3105,0,470.0642,525.81744,1711,"BCL2L1","ENST00000307677"
"514",643577,161,8004.8477,8072.8496,0,454.46704,549.3274,1711,"BCL2L1","ENST00000307677"
"515",643580,161,8007.294,8073.089,0,477.1201,551.5386,1711,"BCL2L1","ENST00000307677"
"516",643591,161,8002.2754,8075.2007,0,430.65137,571.095,1711,"BCL2L1","ENST00000307677"
"517",644496,161,8004.1953,8071.479,1,448.4266,536.6326,1711,"BCL2L1","ENST00000307677"
"518",647901,161,8003.3574,8037.5513,5,440.669,222.4898,1711,"BCL2L1","ENST00000307677"
"519",648073,161,8006.3335,8075.8135,5,468.22675,576.7702,1711,"BCL2L1","ENST00000307677"
"520",663863,164,8003.322,8075.151,2,440.3376,570.63226,1711,"TLR1","ENST00000308979"
"521",715383,176,8011.226,8059.746,0,513.52826,427.99826,1711,"DERL3","ENST00000318109"
"522",722472,178,8005.068,8075.8477,1,456.5066,577.08734,1711,"CD276","ENST00000318443"
"523",730981,181,8005.1304,8072.105,0,457.0855,542.432,1711,"HIF1A","ENST00000323441"
"524",731328,181,8076.423,8052.332,1,1117.2026,359.3492,1711,"HIF1A","ENST00000323441"
"525",731375,181,8002.8315,8075.9575,1,435.80008,578.1026,1711,"HIF1A","ENST00000323441"
"526",732547,181,8001.926,8079.91,4,427.41238,614.69885,1711,"HIF1A","ENST00000323441"
"527",738520,183,8000.172,8074.0483,1,411.17477,560.42554,1711,"SOX2","ENST00000325404"
"528",756663,188,8010.759,8077.396,2,509.19965,591.42065,1711,"IFITM1","ENST00000328221"
"529",758546,188,8005.68,8076.072,6,462.17764,579.1594,1711,"IFITM1","ENST00000328221"
"530",777629,194,8003.354,8077.3203,0,440.6372,590.72217,1711,"CCR4","ENST00000330953"
"531",804056,203,8063.82,8027.2954,0,1000.5061,127.5276,1711,"PKM","ENST00000335181"
"532",804410,203,8078.234,8052.2515,0,1133.9688,358.60367,1711,"PKM","ENST00000335181"
"533",804416,203,8079.0293,8052.4893,0,1141.3359,360.80286,1711,"PKM","ENST00000335181"
"534",804625,203,8003.358,8069.3477,0,440.6732,516.89795,1711,"PKM","ENST00000335181"
"535",804640,203,8002.9414,8070.1665,0,436.81586,524.48083,1711,"PKM","ENST00000335181"
"536",804642,203,8002.1284,8070.4775,0,429.29123,527.36285,1711,"PKM","ENST00000335181"
"537",804643,203,8001.34,8070.5146,0,421.98807,527.70496,1711,"PKM","ENST00000335181"
"538",804646,203,8003.8726,8070.808,0,445.4402,530.42126,1711,"PKM","ENST00000335181"
"539",804649,203,8005.132,8071.0635,0,457.09775,532.78577,1711,"PKM","ENST00000335181"
"540",804667,203,8001.0913,8072.536,0,419.68555,546.4243,1711,"PKM","ENST00000335181"
"541",804686,203,8004.536,8073.833,0,451.58136,558.4325,1711,"PKM","ENST00000335181"
"542",804690,203,8004.9062,8074.573,0,455.00858,565.2851,1711,"PKM","ENST00000335181"
"543",804691,203,8005.532,8074.5063,0,460.80698,564.6675,1711,"PKM","ENST00000335181"
"544",804698,203,8001.2812,8075.566,0,421.44702,574.4774,1711,"PKM","ENST00000335181"
"545",804702,203,8002.29,8076.235,0,430.78574,580.66956,1711,"PKM","ENST00000335181"
"546",806827,203,8003.1406,8073.487,1,438.66324,555.2273,1711,"PKM","ENST00000335181"
"547",806837,203,8005.4033,8074.276,1,459.61276,562.5313,1711,"PKM","ENST00000335181"
"548",806849,203,8002.573,8076.0815,1,433.40884,579.25055,1711,"PKM","ENST00000335181"
"549",808793,203,8002.5728,8053.153,2,433.40253,366.9495,1711,"PKM","ENST00000335181"
"550",811045,203,8000.771,8046.081,3,416.71957,301.4677,1711,"PKM","ENST00000335181"
"551",811067,203,8001.069,8047.38,3,419.47696,313.49658,1711,"PKM","ENST00000335181"
"552",811070,203,8000.439,8047.5664,3,413.6459,315.22302,1711,"PKM","ENST00000335181"
"553",813771,203,8001.6797,8076.583,4,425.1346,583.89294,1711,"PKM","ENST00000335181"
"554",816136,203,8000.65,8071.5527,5,415.59982,537.31714,1711,"PKM","ENST00000335181"
"555",825281,206,8068.924,8062.3125,0,1047.7639,451.76114,1711,"SLC26A3","ENST00000340010"
"556",831907,206,8042.8945,8055.912,6,806.75354,392.4978,1711,"SLC26A3","ENST00000340010"
"557",835803,208,8001.5415,8071.344,0,423.85727,535.3881,1711,"CAV1","ENST00000341049"
"558",836748,208,8002.022,8052.4546,3,428.30264,360.48297,1711,"CAV1","ENST00000341049"
"559",850135,213,8078.413,8052.5386,0,1135.6279,361.2622,1711,"JAK1","ENST00000342505"
"560",850199,213,8006.379,8071.6694,0,468.64685,538.3958,1711,"JAK1","ENST00000342505"
"561",850904,213,8003.089,8070.7627,1,438.1815,530,1711,"JAK1","ENST00000342505"
"562",850926,213,8003.0347,8075.0986,1,437.68018,570.14844,1711,"JAK1","ENST00000342505"
"563",853011,213,8000.4106,8048.8535,4,413.3838,327.1394,1711,"JAK1","ENST00000342505"
"564",870497,216,8002.823,8074.7554,6,435.72415,566.9704,1711,"IDH1","ENST00000345146"
"565",884041,220,8006.7793,8038.065,3,472.3555,227.24348,1711,"CDCA7","ENST00000347703"
"566",884057,220,8075.0117,8053.826,3,1104.1372,373.1824,1711,"CDCA7","ENST00000347703"
"567",895509,224,8078.797,8051.9526,0,1139.1816,355.83624,1711,"CTNNB1","ENST00000349496"
"568",895595,224,8002.5986,8070.4077,0,433.6413,526.71405,1711,"CTNNB1","ENST00000349496"
"569",895616,224,8002.373,8074.7026,0,431.55646,566.48505,1711,"CTNNB1","ENST00000349496"
"570",895626,224,8001.041,8076.118,0,419.22137,579.59204,1711,"CTNNB1","ENST00000349496"
"571",896389,224,8003.0176,8070.9033,1,437.52435,531.30225,1711,"CTNNB1","ENST00000349496"
"572",896399,224,8001.4326,8073.099,1,422.8485,551.6378,1711,"CTNNB1","ENST00000349496"
"573",897243,224,8003.816,8076.6797,2,444.91278,584.78723,1711,"CTNNB1","ENST00000349496"
"574",905699,226,8000.537,8045.1665,4,414.55737,293,1711,"ATR","ENST00000350721"
"575",907053,227,8006.6865,8072.8965,0,471.4941,549.75916,1711,"EZH2","ENST00000350995"
"576",935516,235,8004.161,8071.875,0,448.1124,540.3009,1711,"LAMB3","ENST00000356082"
"577",935519,235,8004.2827,8073.227,0,449.23642,552.81885,1711,"LAMB3","ENST00000356082"
"578",936004,235,8004.281,8074.727,1,449.22064,566.7075,1711,"LAMB3","ENST00000356082"
"579",936006,235,8004.7974,8075.2017,1,454,571.104,1711,"LAMB3","ENST00000356082"
"580",936008,235,8002.3867,8075.852,1,431.6798,577.1243,1711,"LAMB3","ENST00000356082"
"581",950848,238,8003.678,8077.926,6,443.6401,596.3263,1711,"NF1","ENST00000358273"
"582",951571,239,8005.363,8072.134,0,459.2389,542.69666,1711,"EPHA2","ENST00000358432"
"583",959382,240,8006.595,8075.037,5,470.6501,569.57965,1711,"TGFBR2","ENST00000359013"
"584",993187,250,8005.14,8071.5186,1,457.17627,537,1711,"CCL28","ENST00000361115"
"585",1003478,253,8062.056,8056.669,0,984.1748,399.5047,1711,"SOD2","ENST00000367055"
"586",1003534,253,8003.0713,8072.774,0,438.02142,548.6234,1711,"SOD2","ENST00000367055"
"587",1004550,253,8001.408,8074.807,2,422.62207,567.45135,1711,"SOD2","ENST00000367055"
"588",1019754,257,8000.75,8072.8237,0,416.5279,549.08636,1711,"IFNGR1","ENST00000367739"
"589",1022354,257,8001.8193,8076.968,6,426.4299,587.4558,1711,"IFNGR1","ENST00000367739"
"590",1051882,267,8002.3276,8074.502,1,431.13263,564.6238,1711,"LMNA","ENST00000368300"
"591",1054818,268,8002.6104,8072.705,0,433.751,547.98627,1711,"IL6R","ENST00000368485"
"592",1099103,280,8000.206,8074.8423,1,411.48773,567.7767,1711,"VEGFA","ENST00000372067"
"593",1099106,280,8001.9194,8076.0073,1,427.35437,578.5625,1711,"VEGFA","ENST00000372067"
"594",1119061,285,8006.324,8074.393,0,468.14035,563.61664,1711,"HDAC1","ENST00000373548"
"595",1119067,285,8001.8535,8075.4355,0,426.74222,573.27014,1711,"HDAC1","ENST00000373548"
"596",1119071,285,8002.9707,8076.0605,0,437.08936,579.0579,1711,"HDAC1","ENST00000373548"
"597",1148661,292,8062.6523,8056.9897,1,989.6943,402.4749,1711,"HLA-DMA","ENST00000374843"
"598",1155333,294,8001.786,8075.8135,0,426.12152,576.76855,1711,"TAP2","ENST00000374897"
"599",1174967,300,8005.6113,8074.086,0,461.5385,560.7745,1711,"HLA-C","ENST00000376228"
"600",1176196,300,8000.552,8041.0923,3,414.69113,255.276,1711,"HLA-C","ENST00000376228"
"601",1177948,301,8003.3623,8075.1465,0,440.7149,570.59076,1711,"BMI1","ENST00000376663"
"602",1185092,303,8002.7637,8073.219,2,435.17126,552.74927,1711,"THBD","ENST00000377103"
"603",1187667,304,8044.2847,8029.6885,0,819.62646,149.68707,1711,"SPRY2","ENST00000377104"
"604",1189199,304,8007.8823,8075.273,3,482.56845,571.7627,1711,"SPRY2","ENST00000377104"
"605",1191127,305,8076.025,8051.8306,0,1113.515,354.70486,1711,"MYC","ENST00000377970"
"606",1192377,305,8076.855,8051.9834,1,1121.2034,356.12128,1711,"MYC","ENST00000377970"
"607",1192513,305,8006.417,8074.4595,1,469,564.2307,1711,"MYC","ENST00000377970"
"608",1201909,306,8000.1675,8045.1484,4,411.13147,292.83435,1711,"CA9","ENST00000378357"
"609",1222589,310,8067.7524,8071.437,3,1036.9181,536.24713,1711,"CD83","ENST00000379153"
"610",1234226,313,8001.6284,8075.9424,2,424.66013,577.96295,1711,"LDHA","ENST00000379412"
"611",1329084,337,8001.937,8053.3135,3,427.51862,368.43634,1711,"HLA-DRA","ENST00000395388"
"612",1330005,337,8000.12,8047.161,4,410.69537,311.46884,1711,"HLA-DRA","ENST00000395388"
"613",1344583,343,8006.7896,8045.574,0,472.44687,296.7775,1711,"NFE2L2","ENST00000397062"
"614",1354416,346,8005.796,8069.7905,0,463.24686,521,1711,"MET","ENST00000397752"
"615",1365464,348,8006.309,8072.4004,1,468,545.16766,1711,"SHARPIN","ENST00000398712"
"616",1401582,358,8005.277,8075.0825,0,458.44138,570,1711,"AKT1","ENST00000407796"
"617",1402020,358,8042.2085,8037.9805,1,800.40356,226.46313,1711,"AKT1","ENST00000407796"
"618",1402684,358,8003.375,8072.773,2,440.83197,548.6162,1711,"AKT1","ENST00000407796"
"619",1402686,358,8015.087,8073.179,2,549.2736,552.3791,1711,"AKT1","ENST00000407796"
"620",1403168,358,8002.4478,8057.4487,3,432.2481,406.72574,1711,"AKT1","ENST00000407796"
"621",1448628,369,8064.596,8063.0186,2,1007.6945,458.29565,1711,"AMOTL2","ENST00000422605"
"622",1452051,370,8003.7827,8075.2793,1,444.607,571.8209,1711,"FGFR1","ENST00000425967"
"623",1468279,375,8005.457,8075.662,0,460.1116,575.3672,1711,"TAPBP","ENST00000434618"
"624",1471926,375,8001.978,8074.6665,6,427.89706,566.15,1711,"TAPBP","ENST00000434618"
"625",1472500,376,8004.173,8075.3945,0,448.22174,572.88916,1711,"MLH1","ENST00000435176"
"626",1556383,396,8004.3594,8070.302,1,449.94684,525.7342,1711,"HDAC3","ENST00000469207"
"627",1556388,396,8012.612,8070.963,1,526.35815,531.85675,1711,"HDAC3","ENST00000469207"
"628",1571017,400,8005.29,8073.4033,1,458.56226,554.454,1711,"TMEM59","ENST00000470395"
"629",1597196,409,8005.661,8070.805,1,462,530.39575,1711,"TGFB2","ENST00000479322"
"630",1603140,411,8064.799,8027.1377,0,1009.57214,126.06593,1711,"MUC1","ENST00000485118"
"631",1603265,411,8000.4204,8062.113,0,413.477,449.9112,1711,"MUC1","ENST00000485118"
"632",1603289,411,8003.109,8069.191,0,438.36902,515.4501,1711,"MUC1","ENST00000485118"
"633",1603298,411,8004.6274,8073.1274,0,452.43076,551.89734,1711,"MUC1","ENST00000485118"
"634",1603299,411,8003.6733,8073.336,0,443.59286,553.8265,1711,"MUC1","ENST00000485118"
"635",1605040,411,8000.552,8045.624,3,414.691,297.2388,1711,"MUC1","ENST00000485118"
"636",1639242,419,8002.568,8072.3325,1,433.35754,544.5382,1711,"TGFBI","ENST00000508076"
"637",1639245,419,8001.2324,8073.252,1,420.9938,553.0517,1711,"TGFBI","ENST00000508076"
"638",1639864,419,8002.3604,8052.281,3,431.43613,358.872,1711,"TGFBI","ENST00000508076"
"639",1645026,421,8006.038,8074.261,2,465.4882,562.3954,1711,"RGMB","ENST00000513185"
"640",1646397,421,8000.002,8045.732,5,409.60016,298.23383,1711,"RGMB","ENST00000513185"
"641",1651522,423,8002.7695,8064.453,3,435.22604,471.57983,1711,"IDO1","ENST00000518237"
"642",1666530,427,8002.9097,8073.945,0,436.52353,559.4674,1711,"PTK2","ENST00000523539"
"643",1667406,427,8001.3413,8073.6436,1,422,556.6754,1711,"PTK2","ENST00000523539"
"644",1669163,427,8004.1445,8059.7964,3,447.9555,428.46326,1711,"PTK2","ENST00000523539"
"645",1713100,439,8075.5874,8051.2603,0,1109.4647,349.42447,1711,"MSH6","ENST00000540021"
"646",1721794,441,8006.9297,8073.1016,0,473.74542,551.65765,1711,"ERBB2","ENST00000541774"
"647",1721802,441,8006.8438,8074.775,0,472.94873,567.1543,1711,"ERBB2","ENST00000541774"
"648",1721803,441,8000.3306,8074.9185,0,412.64188,568.4796,1711,"ERBB2","ENST00000541774"
"649",1761411,449,8004.981,8075.688,6,455.701,575.60455,1711,"ERBB3","ENST00000549832"
"650",1771073,451,8012.228,8074.9375,4,522.80286,568.6581,1711,"PGF","ENST00000553716"
"651",1771891,452,8076.4478,8052.2944,0,1117.4321,359,1711,"NDUFA4L2","ENST00000554503"
"652",1771968,452,8006.036,8076.1733,0,465.47086,580.1025,1711,"NDUFA4L2","ENST00000554503"
"653",1772648,452,8006.1143,8075.931,1,466.19388,577.85986,1711,"NDUFA4L2","ENST00000554503"
"654",1773940,452,8001.609,8052.9766,3,424.48,365.31503,1711,"NDUFA4L2","ENST00000554503"
"655",1774576,452,8000.6665,8046.5127,4,415.7516,305.46454,1711,"NDUFA4L2","ENST00000554503"
"656",1774590,452,8000.9204,8049.889,4,418.10233,336.73013,1711,"NDUFA4L2","ENST00000554503"
"657",1778691,454,8077.3154,8052.4326,0,1125.4672,360.27896,1711,"IGF1R","ENST00000558898"
"658",1779347,454,8004.6714,8075.5063,1,452.8363,573.9251,1711,"IGF1R","ENST00000558898"
"659",1844115,475,8026.1323,8079.285,2,651.5458,608.91187,1711,"CCL3","ENST00000613922"
"660",1845812,476,8004.0195,8070.4043,1,446.79877,526.68414,1711,"CCL4","ENST00000613947"
"661",1876058,483,8000.4795,8072.527,1,414.0229,546.33887,1711,"EPHB4","ENST00000616502"
"662",1876508,483,8064.931,8046.289,2,1010.79694,303.3947,1711,"EPHB4","ENST00000616502"
"663",1876543,483,8003.661,8059.4424,2,443.4836,425.18396,1711,"EPHB4","ENST00000616502"
"664",1877541,483,8000.8784,8073.048,4,417.7169,551.16315,1711,"EPHB4","ENST00000616502"
"665",1878531,483,8000.174,8074.6562,6,411.19324,566.0525,1711,"EPHB4","ENST00000616502"
"666",1922535,493,8076.304,8053.0176,0,1116.1024,365.69467,1711,"SERPINA1","ENST00000636712"
"667",1922566,493,8064.5225,8059.523,0,1007.0138,425.93048,1711,"SERPINA1","ENST00000636712"
"668",1922615,493,8001.9243,8069.8696,0,427.40158,521.73376,1711,"SERPINA1","ENST00000636712"
"669",1922624,493,8000.8164,8071.924,0,417.14087,540.75305,1711,"SERPINA1","ENST00000636712"
"670",1922627,493,8005.4507,8072.663,0,460.0496,547.5963,1711,"SERPINA1","ENST00000636712"
"671",1922629,493,8005.956,8072.99,0,464.73166,550.6262,1711,"SERPINA1","ENST00000636712"
"672",1922639,493,8006.076,8074.5815,0,465.8451,565.36395,1711,"SERPINA1","ENST00000636712"
"673",1922642,493,8007.139,8074.987,0,475.68448,569.11536,1711,"SERPINA1","ENST00000636712"
"674",1922643,493,8003.949,8075.918,0,446.14853,577.73706,1711,"SERPINA1","ENST00000636712"
"675",1922644,493,8005.217,8075.9336,0,457.888,577.879,1711,"SERPINA1","ENST00000636712"
"676",1923448,493,8002.2964,8073.1147,1,430.8431,551.7784,1711,"SERPINA1","ENST00000636712"
"677",1923452,493,8001.064,8074.1084,1,419.43558,560.9795,1711,"SERPINA1","ENST00000636712"
"678",1923453,493,8002.853,8074.0195,1,436,560.1581,1711,"SERPINA1","ENST00000636712"
"679",1923455,493,8000.608,8074.317,1,415.21265,562.9101,1711,"SERPINA1","ENST00000636712"
"680",1923466,493,8005.117,8075.397,1,456.96286,572.9114,1711,"SERPINA1","ENST00000636712"
"681",1925820,493,8000.761,8045.6533,4,416.62894,297.508,1711,"SERPINA1","ENST00000636712"
"682",1933485,496,8003.846,8077.4155,0,445.19315,591.602,1711,"PRF1","ENST00000639390"
"683",2009173,517,8014.0425,8047.5645,0,539.6066,315.20224,1711,"Blank-18","Blank-18"
"684",2024723,521,8001.2793,8072.1665,0,421.4293,543,1711,"Blank-22","Blank-22"
"685",2082371,536,8032.661,8060.475,1,712,434.74567,1711,"Blank-37","Blank-37"
