"","transcript_id","cell_id","overlaps_nucleus","feature_name","x_location","y_location","z_location","qv"
"1",281474976711439,67500,1,"Neurod6",4900.0063,6407.46,17.908697,40
"2",281474976711442,67500,1,"Neurod6",4900.0693,6416.389,17.872255,40
"3",281474976711446,67500,1,"NegControlProbe_00062",4900.4673,6407.887,17.553467,11.100673
"4",281474976711464,67500,1,"Dkk3",4901.7812,6415.432,17.757992,40
"5",281474976711469,67500,1,"Bhlhe40",4902.0527,6411.5815,15.565689,30.676739
"6",281474976711476,67500,1,"Neurod6",4902.381,6413.7754,15.925538,40
"7",281474976711489,67500,1,"Neurod6",4903.216,6414.904,17.87164,40
"8",281474976711490,67500,0,"Dkk3",4903.316,6402.8555,14.689243,13.043205
"9",281474976711492,67500,0,"Lyz2",4903.48,6407.329,17.419706,32.066185
"10",281474976711499,67500,1,"Neurod6",4903.839,6412.441,17.390415,40
"11",281474976711520,67500,0,"Neurod6",4905.028,6418.523,14.818956,40
"12",281474976711530,67500,0,"Bhlhe40",4906.0215,6410.2407,16.641867,13.813585
"13",281474976711555,67515,0,"Dkk3",4907.872,6402.2476,14.777786,40
"14",281474976711566,67512,1,"Bhlhe40",4908.615,6409.2256,17.697947,32.066185
"15",281474976711576,67512,0,"Neurod6",4909.3833,6416.2305,15.684109,13.979751
"16",281474976711587,67512,1,"Neurod6",4910.485,6413.2036,18.895216,30.62372
"17",281474976711596,67512,1,"Neurod6",4910.9937,6409.1514,18.426126,40
"18",281474976711604,67521,0,"Neurod6",4911.7124,6419.5474,15.915962,40
"19",281474976711612,67512,0,"Bhlhe40",4912.3403,6415.8696,17.628841,40
"20",281474976711646,67515,1,"Neurod6",4914.087,6411.302,16.383162,40
"21",281474976711659,67515,1,"Bhlhe40",4915.2734,6410.279,17.348875,19.954567
"22",281474976711661,67521,1,"Neurod6",4915.407,6416.4736,15.402285,40
"23",281474976711664,67515,1,"Neurod6",4915.5864,6409.3647,19.06059,13.979751
"24",281474976711668,67515,0,"Bhlhe40",4916.0786,6411.241,19.055176,40
"25",281474976711669,67515,1,"Neurod6",4916.124,6408.3643,16.589714,40
"26",281474976711686,67521,1,"Sox10",4917.2,6415.6,19.765009,40
"27",281474976711690,67521,1,"Dkk3",4917.2646,6415.1606,16.107126,40
"28",281474976711696,67521,1,"Neurod6",4917.612,6416.196,14.688745,12.300542
"29",281474976711701,67521,1,"Bhlhe40",4917.758,6416.957,19.318977,21.309269
"30",281474976711709,67521,1,"Dkk3",4918.1704,6416.128,17.489725,40
"31",281474976711714,67521,1,"Neurod6",4918.4204,6412.947,16.305866,40
"32",281474976711726,67521,0,"Dkk3",4919.533,6414.8374,16.79225,23.869566
"33",281474976718380,67500,1,"Rims3",4901.211,6412.0327,14.7174425,40
"34",281474976718388,67500,1,"Prr16",4901.581,6415.563,17.951244,40
"35",281474976718391,67501,0,"Rims3",4901.779,6400.171,15.949237,40
"36",281474976718402,67500,1,"Rims3",4902.2686,6410.8096,19.50326,40
"37",281474976718405,67500,1,"Rims3",4902.3296,6414.614,20.062937,16.582254
"38",281474976718408,67500,1,"Calb2",4902.471,6413.5093,14.972306,16.998934
"39",281474976718414,67500,0,"Rims3",4902.7734,6418.658,14.379179,40
"40",281474976718434,67500,0,"Gng12",4903.9287,6417.382,16.171518,40
"41",281474976718435,67500,1,"Rasgrf2",4904.0757,6410.6187,18.420532,30.62372
"42",281474976718442,67500,0,"Calb2",4904.333,6418.8755,16.503693,40
"43",281474976718443,67500,1,"Rasgrf2",4904.471,6412.6294,15.758044,40
"44",281474976718451,67500,0,"Cpne6",4904.775,6415.2163,17.3099,40
"45",281474976718454,67500,1,"Rims3",4904.8755,6413.3823,16.185135,9.540305
"46",281474976718455,67500,0,"Cpne6",4904.945,6418.641,16.24958,40
"47",281474976718461,67500,0,"Rims3",4905.3936,6415.036,17.212612,40
"48",281474976718475,67512,0,"Rasgrf2",4906.002,6404.4883,16.448895,40
"49",281474976718484,67500,0,"Rims3",4906.202,6413.225,14.876444,40
"50",281474976718495,67500,0,"Sema6a",4906.777,6411.487,17.50329,10.960047
"51",281474976718511,67512,0,"Rasgrf2",4907.881,6412.765,17.020287,40
"52",281474976718516,67512,1,"Rims3",4908.0703,6409.348,17.839464,40
"53",281474976718538,67515,1,"Prr16",4909.4946,6406.7373,18.332315,25.222496
"54",281474976718570,67512,0,"Rasgrf2",4911.335,6414.746,17.458403,40
"55",281474976718577,67512,0,"Rims3",4911.575,6416.097,14.518881,34.664646
"56",281474976718593,67512,1,"Rims3",4912.115,6410.1387,19.999575,40
"57",281474976718607,67512,0,"Rasgrf2",4912.923,6410.3735,20.057697,40
"58",281474976718613,67515,1,"Rasgrf2",4913.295,6407.529,19.637115,34.664646
"59",281474976718630,67521,0,"Gng12",4913.857,6418.2344,17.502804,30.62372
"60",281474976718639,67515,1,"Rims3",4914.5693,6408.529,16.378986,29.319859
"61",281474976718670,67521,1,"Rims3",4916.113,6415.3135,16.3887,40
"62",281474976718699,67515,0,"Rasgrf2",4918.185,6403.91,14.751296,18.976995
"63",281474976718708,67521,1,"Vat1l",4918.8853,6413.97,17.8801,40
"64",281474976718710,67521,0,"Rims3",4919.272,6409.7476,16.946478,21.794146
"65",281474976718725,67527,1,"Rims3",4919.76,6416.824,15.542258,12.160147
"66",281474976718726,67521,1,"Rims3",4919.779,6412.3076,17.712961,40
"67",281474976727067,67500,0,"Lamp5",4900.638,6403.2246,16.23711,40
"68",281474976727080,67500,1,"Acsbg1",4901.273,6411.435,15.499153,16.34593
"69",281474976727087,67500,0,"Necab1",4901.3843,6416.658,16.35224,23.413671
"70",281474976727118,67500,1,"Necab1",4902.576,6410.522,15.665554,8.568297
"71",281474976727126,67500,1,"Lamp5",4902.745,6415.4736,18.073627,40
"72",281474976727135,67500,1,"Rasgrf2",4903.7285,6411.374,18.311054,30.772257
"73",281474976727137,67500,1,"Garnl3",4903.916,6411.803,15.848618,40
"74",281474976727157,67500,0,"Necab1",4904.9473,6416.318,16.548838,22.114773
"75",281474976727182,67500,0,"Garnl3",4906.305,6413.175,17.434525,30.772257
"76",281474976727217,67512,0,"Garnl3",4908.133,6418.4824,16.532564,23.580276
"77",281474976727227,67512,0,"Rasgrf2",4908.8916,6406.919,18.578783,40
"78",281474976727233,67512,1,"Lamp5",4909.1147,6407.9126,17.713057,17.65795
"79",281474976727257,67515,0,"Lamp5",4910.0576,6403.2485,17.145605,40
"80",281474976727263,67515,1,"Lamp5",4910.507,6405.8477,17.40724,14.965008
"81",281474976727281,67512,0,"Hpcal1",4911.3203,6416.085,16.965431,40
"82",281474976727286,67512,0,"Hpcal1",4911.9204,6409.24,19.892227,34.664646
"83",281474976727292,67521,0,"Slc17a6",4912.1494,6418.173,14.379648,40
"84",281474976727299,67515,1,"Necab1",4912.474,6408.021,16.477905,17.567442
"85",281474976727305,67512,0,"Slc17a6",4912.6543,6414.6655,15.506612,19.33028
"86",281474976727326,67515,0,"Rasgrf2",4914.178,6404.6035,18.15761,40
"87",281474976727328,67521,1,"Garnl3",4914.229,6416.275,17.067665,17.272375
"88",281474976727355,67515,1,"Trpc4",4915.2046,6409.035,16.57021,30.62372
"89",281474976727358,67521,1,"Necab1",4915.1963,6415.8965,16.101429,26.280329
"90",281474976727361,67521,1,"Slc17a6",4915.3447,6413.006,18.214575,23.58501
"91",281474976727368,67515,0,"Slc17a6",4915.6143,6405.368,17.611979,40
"92",281474976727381,67515,1,"Rasgrf2",4916.2515,6407.0605,17.447704,40
"93",281474976727385,67515,0,"Hpcal1",4916.8037,6410.5757,18.68681,40
"94",281474976727390,67521,0,"Prdm8",4917.103,6418.922,16.3209,40
"95",281474976727400,67521,1,"Lamp5",4917.5923,6411.4546,17.2698,40
"96",281474976727404,67521,0,"Necab1",4917.7495,6419.569,18.347094,40
"97",281474976727415,67515,0,"Trpc4",4918.2095,6406.4062,14.175358,13.559481
"98",281474976727423,67521,1,"Opalin",4918.424,6414.0073,16.57734,30.865204
"99",281474976727429,67521,0,"Garnl3",4918.5527,6410.8965,15.491799,32.066185
"100",281474976727454,67527,1,"Plekha2",4919.524,6416.4023,14.813693,27.086609
"101",281474976727465,67527,1,"Lamp5",4919.8325,6415.264,17.123735,21.949482
"102",281474976735716,67500,0,"Dner",4900.2476,6417.618,17.120419,40
"103",281474976735722,67500,0,"Zfpm2",4901.2,6416.83,16.383186,30.772257
"104",281474976735726,67500,1,"Dner",4901.66,6408.4023,17.460543,17.605967
"105",281474976735731,67500,1,"Nell1",4902.5938,6411.1934,19.561104,40
"106",281474976735736,67500,1,"Zfpm2",4902.9087,6409.6147,15.78107,17.721205
"107",281474976735755,67500,1,"Myo16",4905.618,6411.532,16.81306,40
"108",281474976735767,67515,0,"Pdzd2",4907.0527,6400.073,16.215326,40
"109",281474976735773,67512,0,"Pdzd2",4907.877,6413.258,18.082647,40
"110",281474976735785,67512,0,"Zfpm2",4908.7217,6413.4985,17.646412,40
"111",281474976735796,67512,1,"Zfpm2",4909.9194,6409.133,17.186766,40
"112",281474976735818,67521,0,"Myo16",4913.855,6414.611,14.548548,40
"113",281474976735826,67515,0,"Nell1",4914.6284,6404.712,17.54476,40
"114",281474976735827,67515,1,"Fhod3",4914.66,6410.407,17.087708,33.150707
"115",281474976735828,67515,1,"Myo16",4914.6978,6408.363,20.401907,40
"116",281474976735840,67521,1,"Orai2",4915.91,6418.5684,16.860449,40
"117",281474976735844,67521,1,"Clmn",4916.3257,6416.5195,19.001694,26.507923
"118",281474976735849,67521,1,"Fhod3",4917.1123,6417.936,18.187374,40
"119",281474976735854,67521,0,"Zfpm2",4917.7686,6419.9185,14.978104,12.837108
"120",281474976735862,67521,1,"Fhod3",4918.8853,6414.556,17.79702,18.727022
"121",281474976735869,67521,0,"Myo16",4919.402,6409.5127,15.70918,40
"122",281474976735871,67527,1,"Neto2",4919.63,6416.508,16.86119,40
"123",281474976735872,67521,1,"Zfpm2",4919.6997,6414.225,17.981775,19.354036
"124",281474976740392,67500,1,"Hat1",4903.4946,6412.604,15.878824,23.3921
"125",281474976740423,67512,0,"Rorb",4908.222,6406.301,17.205154,12.178567
"126",281474976740425,67512,1,"Hat1",4908.9756,6407.8994,18.02509,40
"127",281474976740445,67512,1,"Satb2",4911.6416,6409.9155,16.491293,40
"128",281474976740450,67515,1,"Sipa1l3",4912.0674,6407.3604,19.190403,40
"129",281474976740459,67515,0,"Satb2",4913.156,6402.785,16.260881,40
"130",281474976740463,67512,1,"Hat1",4913.665,6411.597,18.271667,40
"131",281474976740478,67515,0,"Satb2",4915.348,6412.0825,15.654256,12.025056
"132",281474976740496,67521,1,"Zfp536",4917.6987,6414.4453,19.78451,19.176962
"133",281474976740497,67521,1,"Satb2",4917.7363,6417.1016,18.202675,8.942548
"134",281474976740499,67527,0,"Satb2",4918.385,6419.237,19.087107,40
"135",281474976740500,67521,1,"2010300C02Rik",4918.4478,6411.2383,17.10476,40
"136",281474976740502,67521,1,"Cdh20",4918.8657,6412.9595,16.227215,11.05445
"137",281474976743902,67515,1,"Ndst3",4915.218,6409.9736,19.488745,40
"138",281474976743922,67521,0,"Igfbp4",4917.358,6418.824,18.695412,13.141791
"139",281474976743924,67515,0,"Nwd2",4917.568,6408.482,15.515778,40
"140",281474976743928,67521,1,"Mapk4",4917.9917,6416.8774,18.095282,23.3921
"141",281474976743934,67521,1,"Mapk4",4918.56,6413.7026,16.700005,20.493279
"142",281474976743940,67527,0,"Igfbp4",4919.0176,6416.084,16.676203,34.664646
"143",281474976743945,67527,0,"Igfbp4",4919.3687,6419.018,17.77005,40
"144",281474976743952,67521,0,"Mapk4",4919.9517,6412.067,16.885868,40
"145",281474976748002,67500,1,"Kcnh5",4901.32,6409.208,18.285213,40
"146",281474976748004,67500,0,"Pip5k1b",4901.4375,6416.79,17.563091,40
"147",281474976748018,67500,1,"Kcnh5",4902.996,6407.796,17.1451,40
"148",281474976748027,67500,0,"Arc",4903.7056,6403.9854,15.249419,40
"149",281474976748045,67500,0,"Kcnh5",4905.69,6414.7295,17.267044,40
"150",281474976748060,67512,0,"Kcnh5",4906.7544,6409.1875,18.483364,19.488443
"151",281474976748073,67515,0,"Kcnh5",4907.939,6402.6284,15.738239,17.135956
"152",281474976748083,67512,1,"Kcnh5",4909.1685,6409.151,18.213743,15.424101
"153",281474976748096,67515,1,"Galnt14",4909.981,6406.1875,21.558886,9.477871
"154",281474976748112,67515,0,"Kcnh5",4912.376,6400.0713,16.231081,40
"155",281474976748120,67515,1,"Arc",4913.284,6410.53,16.097618,19.242683
"156",281474976748132,67515,1,"Kcnh5",4914.559,6411.9736,19.212797,40
"157",281474976748138,67521,1,"Kcnh5",4915.1343,6416.096,17.265022,19.603619
"158",281474976748143,67515,1,"Cdh20",4915.566,6408.6875,17.081861,18.037407
"159",281474976748144,67515,0,"Kcnh5",4915.5947,6412.155,18.188656,40
"160",281474976748177,67521,1,"Arc",4918.529,6412.3516,18.220016,12.95242
"161",281474976748179,67521,1,"Kcnh5",4918.6655,6411.1313,17.150965,40
"162",281474976748182,67527,0,"Arc",4919.014,6418.5796,15.668442,17.582354
"163",281474976748183,67527,0,"Cntn6",4919.0835,6419.7803,16.746397,23.209759
"164",281474976748189,67515,0,"Cntn6",4919.574,6406.6733,14.717324,29.319859
"165",281474976753512,67500,1,"Nrep",4900.004,6408.064,17.361431,40
"166",281474976753523,67500,1,"Nrep",4900.663,6409.9277,17.341251,40
"167",281474976753569,67500,1,"Vip",4903.103,6414.5693,15.205655,40
"168",281474976753578,67500,0,"Nrep",4903.5835,6419.6265,17.19747,40
"169",281474976753583,67500,1,"Gucy1a1",4904.29,6414.0923,15.890054,23.7534
"170",281474976753595,67500,0,"Gucy1a1",4904.7847,6407.1826,17.11591,40
"171",281474976753607,67500,0,"Vip",4905.3384,6414.47,15.212127,15.644301
"172",281474976753608,67500,0,"Nrep",4905.4404,6416.3604,16.608734,40
"173",281474976753642,67512,1,"Sipa1l3",4907.595,6411.0864,18.764162,40
"174",281474976753658,67512,0,"Nrep",4908.2744,6414.872,16.075836,40
"175",281474976753659,67512,1,"Nrep",4908.558,6408.3774,19.012417,24.301235
"176",281474976753665,67512,1,"Nrep",4908.9844,6411.014,17.510944,40
"177",281474976753709,67512,1,"Nwd2",4911.5703,6412.533,17.747702,40
"178",281474976753712,67512,0,"Sema3a",4911.6836,6414.21,17.31668,40
"179",281474976753713,67515,1,"Nrep",4911.803,6406.823,17.400341,40
"180",281474976753726,67512,1,"Lamp5",4912.984,6413.229,19.117727,19.20235
"181",281474976753736,67515,1,"Nrep",4913.3467,6406.276,18.478682,23.45251
"182",281474976753737,67512,0,"Igfbp6",4913.4653,6413.8755,17.879745,8.713289
"183",281474976753744,67521,0,"Lamp5",4913.948,6419.332,16.277573,40
"184",281474976753822,67521,1,"Tle4",4918.6396,6412.1235,17.749176,40
"185",281474976753837,67521,1,"Tle4",4919.3003,6411.461,17.910168,40
"186",281474976761295,67500,1,"Id2",4902.294,6412.2217,15.721014,40
"187",281474976761308,67500,0,"Id2",4904.2227,6416.12,17.108437,40
"188",281474976761309,67500,1,"Id2",4904.243,6410.377,19.423567,40
"189",281474976761364,67512,0,"Pdzrn3",4908.9204,6418.1123,16.454021,40
"190",281474976761375,67512,0,"Id2",4909.978,6416.281,17.291004,14.681565
"191",281474976761389,67512,1,"Npnt",4911.0566,6412.234,17.164545,28.182507
"192",281474976761393,67512,1,"Npnt",4911.29,6409.027,17.897253,30.72406
"193",281474976761409,67515,1,"Pdzrn3",4912.4487,6408.1533,17.833103,40
"194",281474976761410,67521,0,"Rmst",4912.537,6416.489,17.175093,34.664646
"195",281474976761423,67515,1,"BLANK_0414",4913.5317,6409.386,21.8174,10.114262
"196",281474976761430,67515,1,"Id2",4914.241,6405.4893,17.02662,40
"197",281474976761437,67521,0,"Id2",4914.8096,6413.5664,15.713406,26.280329
"198",281474976761453,67521,0,"Id2",4916.5264,6411.523,15.517656,30.62372
"199",281474976761455,67515,1,"Npnt",4916.6226,6408.7905,17.350838,22.031103
"200",281474976761471,67521,0,"Tmem132d",4918.0303,6410.8623,16.844574,40
"201",281474976761485,67521,1,"Pdzrn3",4919.3145,6414.3555,18.5531,40
"202",281474976761489,67527,1,"Id2",4919.659,6416.189,16.772465,40
"203",281474976766957,67500,1,"Cbln4",4900.406,6411.5166,19.89455,40
"204",281474976766994,67500,1,"Fos",4903.2783,6412.7803,15.696026,22.674524
"205",281474976767025,67500,0,"Nrp2",4905.685,6415.6177,14.556219,40
"206",281474976767027,67500,1,"Cbln4",4905.761,6411.848,17.379183,9.627207
"207",281474976767035,67500,0,"Epha4",4906.0874,6406.641,16.567776,40
"208",281474976767056,67512,0,"Arc",4907.249,6409.9385,18.012728,40
"209",281474976767062,67512,1,"Epha4",4907.7607,6411.76,17.383646,40
"210",281474976767075,67512,1,"Epha4",4909.0894,6410.142,17.35072,40
"211",281474976767093,67512,1,"Arc",4910.5747,6412.825,16.952724,22.391148
"212",281474976767116,67521,0,"Arc",4912.3726,6417.3823,17.495007,40
"213",281474976767124,67515,1,"Cbln4",4913.0703,6406.496,18.547073,30.62372
"214",281474976767154,67515,1,"Arc",4914.843,6405.8105,17.150719,40
"215",281474976767159,67521,1,"Arc",4915.1235,6413.814,15.53706,21.908419
"216",281474976767171,67515,0,"Epha4",4916.392,6410.1104,18.442204,40
"217",281474976767177,67521,1,"Arc",4916.9917,6413.6895,18.212982,40
"218",281474976767192,67521,1,"Epha4",4918.3154,6412.7407,17.050167,40
"219",281474976767195,67515,0,"Fhod3",4918.7993,6405.306,14.324239,19.567762
"220",281474976767201,67515,0,"Fhod3",4919.1255,6408.053,15.167262,19.567762
"221",281474976773836,67501,0,"Gfra2",4901.858,6400.628,16.24001,40
"222",281474976773848,67500,0,"Meis2",4903.296,6417.9453,17.22082,40
"223",281474976773857,67500,1,"Meis2",4903.686,6414.1973,16.080914,21.900488
"224",281474976773874,67500,0,"Dpy19l1",4904.777,6408.103,18.602953,20.13756
"225",281474976773915,67512,0,"Sorcs3",4908.082,6412.528,16.772184,40
"226",281474976773923,67512,1,"Plcxd2",4908.745,6407.536,18.11694,40
"227",281474976773951,67515,1,"Meis2",4911.0264,6405.903,17.171307,40
"228",281474976773956,67512,0,"Plcxd2",4911.4155,6408.768,17.473192,17.289606
"229",281474976773985,67515,0,"Meis2",4913.244,6403.2383,15.517643,19.057932
"230",281474976773996,67512,0,"Syndig1",4913.8193,6414.369,14.428705,40
"231",281474976774014,67521,0,"Meis2",4914.707,6419.039,16.972677,40
"232",281474976774025,67515,1,"Gfra2",4915.4697,6409.636,19.505962,40
"233",281474976774031,67521,1,"Dpy19l1",4915.634,6413.2686,14.59992,40
"234",281474976774040,67515,0,"Dpy19l1",4916.1177,6406.2305,17.483725,40
"235",281474976774047,67515,0,"Plcxd2",4916.5605,6410.169,17.561428,22.160412
"236",281474976774054,67521,1,"Tox",4916.939,6416.3047,16.38431,19.338541
"237",281474976774060,67521,1,"Meis2",4917.1865,6414.135,14.760679,40
"238",281474976774064,67521,0,"Meis2",4917.3623,6410.3135,17.293709,40
"239",281474976780742,67500,0,"Cabp7",4900.6797,6417.717,15.067585,13.4914875
"240",281474976780757,67500,1,"Rspo1",4904.325,6408.8213,17.89798,40
"241",281474976780786,67515,0,"Pde7b",4910.451,6404.5596,17.476942,30.772257
"242",281474976780794,67515,1,"Strip2",4912.88,6405.1787,18.1319,26.507923
"243",281474976780795,67515,1,"Pde7b",4912.953,6408.861,16.942139,40
"244",281474976780801,67515,1,"Pde7b",4914.5757,6411.494,16.82394,30.865204
"245",281474976780807,67521,1,"Chrm2",4915.303,6415.7246,16.628136,9.669032
"246",281474976780827,67521,1,"Rspo1",4916.822,6415.9717,16.25349,40
"247",281474976784949,67500,1,"Slc17a7",4902.1133,6413.7446,15.8594265,40
"248",281474976784954,67500,1,"Slc17a7",4902.246,6407.5596,17.200727,40
"249",281474976784961,67500,1,"Slc17a7",4902.7007,6409.3984,13.903958,23.211924
"250",281474976784965,67500,1,"Nrn1",4902.7197,6412.323,18.585197,40
"251",281474976784997,67500,0,"Slc17a7",4906.036,6418.153,14.450448,40
"252",281474976785014,67512,0,"Nrn1",4907.4336,6408.4375,17.2688,40
"253",281474976785017,67512,1,"Slc17a7",4907.5513,6409.4355,17.832586,40
"254",281474976785025,67515,0,"Slc17a7",4908.1294,6403.5757,16.19526,40
"255",281474976785026,67512,0,"Slc17a7",4908.232,6406.867,16.399958,23.816566
"256",281474976785046,67512,0,"Slc17a7",4909.832,6415.3457,17.546638,40
"257",281474976785051,67512,1,"Slc17a7",4910.201,6409.487,16.41368,23.816566
"258",281474976785062,67512,1,"Nrn1",4910.788,6411.6475,16.788095,40
"259",281474976785067,67515,0,"Nrn1",4911.15,6404.3286,15.624514,40
"260",281474976785099,67515,0,"Nrn1",4913.969,6402.1157,15.881,15.773801
"261",281474976785102,67521,0,"Nrn1",4914.127,6415.2773,17.964994,40
"262",281474976785104,67515,1,"Slc17a7",4914.3193,6410.4688,19.253458,40
"263",281474976785107,67521,0,"Nrn1",4914.4897,6413.3916,17.255392,40
"264",281474976785110,67515,1,"Nrn1",4914.8267,6407.397,17.206272,40
"265",281474976785120,67515,0,"Slc17a7",4915.4062,6411.3057,17.145502,40
"266",281474976785122,67521,1,"Nrn1",4915.4033,6414.075,14.932734,40
"267",281474976785126,67521,1,"Tmem132d",4915.607,6417.1216,18.680494,40
"268",281474976785138,67521,1,"Nrn1",4916.3994,6413.7837,20.811474,40
"269",281474976785162,67527,0,"Nrn1",4918.177,6418.2876,15.300489,40
"270",281474976785163,67521,0,"Slc17a7",4918.1875,6417.416,18.105217,40
"271",281474976785183,67527,1,"Slc17a7",4919.3887,6416.355,17.899744,40
"272",281474976792042,67500,1,"Epha4",4902.6953,6415.668,17.806854,40
"273",281474976792053,67500,1,"Slc17a6",4903.3057,6415.1377,17.543587,40
"274",281474976792059,67500,1,"Id2",4904.3643,6408.4907,17.284311,40
"275",281474976792095,67500,0,"Slc17a6",4906.685,6413.611,17.39544,15.361256
"276",281474976792099,67500,0,"Epha4",4906.8794,6412.7617,16.691357,40
"277",281474976792108,67512,0,"Id2",4907.481,6408.2964,16.470003,14.702604
"278",281474976792138,67512,1,"Id2",4909.7783,6412.133,17.08746,40
"279",281474976792147,67512,0,"Epha4",4911.0264,6414.3506,17.004295,40
"280",281474976792151,67521,0,"Slc17a6",4911.3906,6417.1377,17.034124,40
"281",281474976792153,67512,0,"Epha4",4911.633,6409.172,15.549382,15.242862
"282",281474976792164,67521,0,"Epha4",4912.533,6416.1953,17.473703,40
"283",281474976792169,67515,1,"Id2",4913.2554,6408.25,17.091305,40
"284",281474976792183,67521,0,"Adamtsl1",4914.1997,6418.3286,18.735933,16.146868
"285",281474976792189,67521,1,"Epha4",4915.0146,6415.654,17.102833,40
"286",281474976792199,67521,0,"Bdnf",4916.371,6419.997,18.218138,23.847956
"287",281474976792203,67521,1,"Slc17a6",4916.6226,6414.6777,15.858482,24.408794
"288",281474976792221,67521,0,"Epha4",4918.7295,6416.037,16.564135,40
"289",281474976792223,67521,1,"Epha4",4918.9556,6413.6416,16.381962,40
"290",281474976798802,67500,1,"Calb1",4902.386,6408.975,17.84681,20.19422
"291",281474976798813,67500,1,"Garnl3",4904.6826,6411.911,18.710909,40
"292",281474976798822,67512,0,"Pip5k1b",4907.3354,6414.738,15.179373,40
"293",281474976798876,67521,1,"Crh",4918.714,6413.539,14.876769,16.162117
"294",281474976798882,67527,1,"Garnl3",4919.944,6415.5376,19.181322,9.648586
"295",281474976802479,67500,1,"Igfbp6",4901.9517,6411.428,16.399607,40
"296",281474976802483,67500,1,"Igfbp5",4902.321,6408.327,14.885159,40
"297",281474976802496,67500,0,"Igfbp6",4902.8916,6416.0273,17.127924,25.866034
"298",281474976802513,67500,1,"Rims3",4904.2974,6413.955,16.650415,40
"299",281474976802519,67500,0,"Dner",4905.01,6407.0923,16.988659,40
"300",281474976802542,67512,0,"Igfbp5",4907.2656,6415.118,16.016905,40
"301",281474976802564,67512,0,"Igfbp6",4908.6206,6414.1895,17.346865,40
"302",281474976802578,67512,1,"Rims3",4909.368,6412.2236,16.92943,40
"303",281474976802581,67512,1,"Igfbp6",4909.6055,6412.9272,16.779856,9.537402
"304",281474976802593,67515,0,"Igfbp5",4910.568,6400.6953,14.739412,40
"305",281474976802618,67515,0,"Rims3",4912.3115,6401.169,15.961995,40
"306",281474976802621,67515,0,"Igfbp6",4912.3535,6409.1353,19.171343,40
"307",281474976802631,67515,1,"Vwc2l",4913.014,6406.7993,18.461756,40
"308",281474976802650,67521,1,"Gjc3",4914.4946,6416.275,18.477802,40
"309",281474976802651,67521,0,"Rims3",4914.6074,6413.75,16.057905,17.179432
"310",281474976802660,67521,1,"Pde7b",4915.315,6416.564,14.773768,28.734312
"311",281474976802663,67521,0,"Slit2",4915.38,6419.373,15.700552,40
"312",281474976802695,67515,0,"Cabp7",4918.1377,6401.635,16.524237,40
"313",281474976802709,67527,1,"Vwc2l",4919.0884,6418.096,14.395952,30.823961
"314",281474976802715,67515,0,"Rims3",4919.397,6401.921,15.736357,40
"315",281474976802725,67527,1,"Rims3",4919.9756,6415.0444,16.49341,17.179432
"316",281474976807837,67500,1,"Thsd7a",4902.2046,6410.5005,20.095005,26.057158
"317",281474976807867,67500,0,"Mapk4",4907.526,6419.086,15.513008,40
"318",281474976807888,67512,1,"Dpy19l1",4911.565,6409.717,16.871862,24.826502
"319",281474976807890,67515,1,"Dner",4911.75,6405.0864,17.837858,40
"320",281474976807894,67512,1,"Bhlhe40",4912.1396,6412.5684,17.678156,29.982046
"321",281474976807908,67521,0,"Bhlhe40",4913.815,6419.4917,15.927584,40
"322",281474976807913,67515,1,"Bhlhe40",4914.4316,6405.9873,16.274029,23.26407
"323",281474976807918,67521,0,"Wfs1",4914.7007,6419.725,14.899673,40
"324",281474976807934,67521,1,"Dpy19l1",4917.049,6417.185,19.605919,23.230942
"325",281474976811096,67500,0,"2010300C02Rik",4900.712,6417.4717,16.520668,40
"326",281474976811102,67500,0,"2010300C02Rik",4901.429,6417.332,17.065056,20.6395
"327",281474976811140,67512,0,"Clmn",4907.5435,6418.0996,16.191202,40
"328",281474976811163,67512,0,"2010300C02Rik",4910.391,6416.5483,16.281555,40
"329",281474976811182,67521,0,"Plcxd2",4912.595,6419.5947,15.150889,40
"330",281474976811190,67515,1,"Plcxd2",4913.3257,6407.561,18.84608,40
"331",281474976811199,67515,0,"Gad1",4914.543,6400.206,17.437626,40
"332",281474976811211,67515,1,"Plcxd2",4915.237,6408.726,16.415087,40
"333",281474976811237,67521,1,"Rbp4",4917.1143,6413.2344,19.236206,18.61023
"334",281474976814996,67500,0,"Ntsr2",4900.028,6401.3066,15.726745,12.409152
"335",281474976814999,67500,0,"Epha4",4900.2627,6416.84,16.670725,40
"336",281474976815004,67500,0,"Epha4",4900.987,6417.246,17.043205,40
"337",281474976815005,67500,1,"Epha4",4901.098,6407.5684,18.186377,16.956041
"338",281474976815009,67500,1,"Epha4",4902.3374,6413.4644,15.821101,40
"339",281474976815015,67500,0,"Slc17a6",4904.1807,6415.8203,17.329014,40
"340",281474976815018,67500,1,"Spi1",4905.039,6411.578,18.850227,40
"341",281474976815019,67500,0,"Slc17a6",4905.0903,6414.2446,17.169739,40
"342",281474976815021,67500,1,"Rasl10a",4905.157,6413.1997,16.813295,40
"343",281474976815024,67500,0,"Epha4",4905.2803,6409.408,18.285343,40
"344",281474976815039,67512,0,"Epha4",4907.9883,6413.646,17.201336,40
"345",281474976815044,67512,1,"Epha4",4909.296,6413.0483,16.6748,40
"346",281474976815049,67521,0,"Cux2",4910.629,6418.286,16.915876,40
"347",281474976815055,67512,0,"Slc17a6",4911.7837,6414.2827,17.759478,21.721441
"348",281474976815059,67512,1,"BLANK_0424",4911.9956,6411.4644,12.349885,22.613855
"349",281474976815063,67512,1,"Epha4",4913.0674,6412.951,18.901157,30.865204
"350",281474976815096,67521,0,"Epha4",4916.7905,6411.5303,17.89442,40
"351",281474976815114,67527,1,"Slc17a6",4919.366,6417.223,15.430946,40
"352",281474976817912,67500,0,"Syndig1",4900.575,6417.597,17.038862,18.336006
"353",281474976817925,67500,1,"Rmst",4902.908,6411.899,16.905167,40
"354",281474976817964,67512,1,"Sema6a",4908.9775,6410.328,18.256208,40
"355",281474976817971,67512,0,"Arc",4909.5312,6414.6035,16.816597,40
"356",281474976817977,67512,0,"Arc",4910.395,6414.181,18.2472,11.568672
"357",281474976817985,67512,1,"Cpne4",4911.2476,6412.6377,15.013889,40
"358",281474976817987,67521,0,"Arc",4911.6177,6416.9897,16.966246,20.23299
"359",281474976817990,67515,1,"Arc",4911.8604,6406.1763,17.684092,40
"360",281474976817996,67515,0,"Rmst",4912.3193,6404.191,15.378933,40
"361",281474976818001,67515,0,"Syndig1",4912.5215,6402.627,16.484509,40
"362",281474976818019,67515,1,"Pdzrn3",4914.486,6408.729,15.080356,9.563298
"363",281474976818021,67521,0,"Cpne4",4914.6426,6414.378,16.619951,22.860773
"364",281474976818029,67515,1,"Arc",4915.6543,6407.375,17.601698,12.040544
"365",281474976818050,67515,0,"Arc",4918.958,6400.088,14.518384,40
"366",281474976818054,67515,0,"Arc",4919.365,6403.4385,15.502116,40
"367",281474976821169,67500,1,"Tmem132d",4900.2183,6410.9976,18.74066,40
"368",281474976821179,67500,1,"Kcnh5",4902.4443,6410.178,16.492907,22.841177
"369",281474976821187,67500,1,"Clmn",4903.5557,6411.41,17.203388,40
"370",281474976821190,67500,1,"Npnt",4904.364,6411.24,14.230308,11.248726
"371",281474976821196,67500,0,"Kcnh5",4904.968,6415.1113,15.839378,40
"372",281474976821214,67512,0,"2010300C02Rik",4907.919,6413.0234,17.210787,40
"373",281474976821220,67512,1,"Lamp5",4908.298,6411.31,16.581186,40
"374",281474976821224,67515,0,"Chrm2",4908.5713,6402.6123,16.014736,25.367966
"375",281474976821254,67515,1,"2010300C02Rik",4911.481,6407.2417,18.018166,40
"376",281474976821277,67512,1,"Neto2",4913.8643,6412.0884,17.200449,23.325583
"377",281474976821290,67515,1,"2010300C02Rik",4915.2046,6410.7627,19.240292,40
"378",281474976821292,67521,1,"Npnt",4915.5415,6417.007,14.778275,40
"379",281474976821294,67515,0,"Kcnh5",4915.803,6411.1987,17.448967,24.408794
"380",281474976821295,67521,1,"2010300C02Rik",4916.0967,6412.2017,15.362978,40
"381",281474976821300,67521,0,"Tmem132d",4916.576,6419.5356,18.645279,23.775465
"382",281474976821317,67521,1,"Lamp5",4918.3975,6415.882,17.781664,40
"383",281474976821324,67527,0,"Arhgef28",4919.49,6419.014,18.854685,23.224102
"384",281474976821328,67521,0,"Zfpm2",4919.82,6410.398,16.455715,40
"385",281474976824887,67500,1,"Neurod6",4901.29,6413.322,16.943535,40
"386",281474976824897,67500,1,"Satb2",4902.2925,6409.3394,16.959755,23.03443
"387",281474976824906,67500,1,"Unc13c",4902.8706,6408.6426,18.4655,40
"388",281474976824939,67500,0,"Neurod6",4905.4277,6413.985,17.704073,14.126013
"389",281474976824958,67512,0,"Neurod6",4907.495,6413.4766,16.758633,40
"390",281474976824959,67512,1,"Id2",4907.636,6410.5654,17.776842,40
"391",281474976824997,67515,1,"Neurod6",4911.5967,6406.77,16.700598,40
"392",281474976825029,67515,1,"Syt2",4914.56,6405.438,16.146076,40
"393",281474976825045,67521,1,"Penk",4916.0063,6415.8516,14.195843,19.101324
"394",281474976825046,67521,1,"Prox1",4916.0913,6416.2104,18.294231,40
"395",281474976825077,67521,1,"Neurod6",4919.267,6413.9834,17.589277,40
"396",281474976828929,67515,0,"Slc17a7",4907.528,6403.8555,15.766807,40
"397",281474976828934,67515,0,"Necab1",4908.4116,6403.156,15.931666,40
"398",281474976828937,67512,1,"Lyz2",4908.888,6408.151,18.894625,22.32785
"399",281474976828944,67512,1,"Slc17a7",4909.8145,6408.504,17.96186,40
"400",281474976828947,67512,1,"Cbln4",4910.092,6411.771,17.113335,17.16695
"401",281474976828949,67515,0,"Chrm2",4910.0684,6405.504,17.661488,28.734312
"402",281474976828963,67515,1,"Necab1",4913.772,6411.2085,17.095358,40
"403",281474976828968,67515,1,"Slc17a7",4914.586,6406.508,18.40212,19.913906
"404",281474976828988,67521,1,"Cbln4",4918.051,6416.6196,18.288845,9.571147
"405",281474976828993,67527,0,"Cbln4",4918.847,6418.1675,15.183686,23.78416
"406",281474976831039,67500,1,"Necab1",4902.6743,6412.6313,18.918034,21.064674
"407",281474976831048,67500,0,"Rims3",4903.745,6403.6025,16.159836,40
"408",281474976831075,67512,0,"Rims3",4907.847,6406.901,16.256298,40
"409",281474976831084,67512,1,"Rims3",4909.4126,6409.3228,17.158924,9.258527
"410",281474976831092,67512,1,"Necab1",4910.033,6410.6074,17.288439,17.243883
"411",281474976831097,67512,0,"Necab1",4911.7485,6414.642,17.643044,23.443071
"412",281474976834118,67500,1,"Meis2",4903.674,6413.254,19.22196,40
"413",281474976834146,67515,0,"Meis2",4908.466,6402.3594,16.159813,40
"414",281474976834175,67515,1,"Meis2",4911.986,6405.7935,17.650675,16.815731
"415",281474976834179,67512,1,"Meis2",4912.186,6412.772,17.130976,40
"416",281474976834181,67515,1,"Plcxd2",4912.362,6407.2393,19.270306,40
"417",281474976834196,67515,0,"Tle4",4914.388,6401.1113,16.140018,40
"418",281474976834200,67515,1,"Meis2",4915.1533,6410.652,16.75889,40
"419",281474976834202,67515,1,"Meis2",4915.3745,6408.044,17.358513,15.895092
"420",281474976834232,67515,0,"Tle4",4919.3354,6406.6406,14.837357,40
"421",281474976837742,67500,0,"Kctd12",4905.1094,6409.1504,17.78487,24.607695
"422",281474976837744,67500,1,"Garnl3",4905.552,6409.779,15.623464,40
"423",281474976837770,67515,0,"Satb2",4909.87,6403.2715,16.849781,17.9905
"424",281474976837776,67512,0,"Satb2",4910.8755,6416.8984,17.602839,23.440561
"425",281474976837783,67515,0,"Garnl3",4911.826,6404.3896,18.294796,30.865204
"426",281474976837787,67515,1,"Satb2",4912.19,6405.647,18.634922,40
"427",281474976837798,67515,1,"Igfbp6",4914.069,6409.6533,16.252436,40
"428",281474976837806,67515,0,"Sema3a",4915.079,6405.077,17.389534,40
"429",281474976837807,67515,1,"Igfbp6",4915.2114,6410.3076,18.324318,40
"430",281474976837812,67521,1,"Sema3a",4915.661,6414.989,15.857884,14.711189
"431",281474976837813,67515,1,"Igfbp6",4915.709,6408.0195,17.235693,40
"432",281474976837816,67515,0,"Satb2",4916.2314,6410.629,17.054605,40
"433",281474976837828,67521,1,"Hpcal1",4918.415,6416.4365,18.308107,9.089917
"434",281474976840858,67500,1,"Dkk3",4901.8794,6414.2114,15.091802,14.103585
"435",281474976840862,67500,1,"Zfpm2",4902.612,6410.9165,16.210453,40
"436",281474976840875,67500,0,"Dkk3",4905.0264,6414.5356,17.965384,13.111497
"437",281474976840899,67512,1,"Hpcal1",4909.6904,6407.41,17.69228,19.138988
"438",281474976840904,67512,0,"Btbd11",4910.2373,6415.142,17.345684,40
"439",281474976840917,67515,0,"Dkk3",4914.268,6404.1587,17.45562,14.334916
"440",281474976840923,67521,1,"Dkk3",4914.8887,6417.3237,14.803139,40
"441",281474976840927,67521,1,"Cntn6",4915.529,6413.803,19.333885,30.823961
"442",281474976840928,67521,0,"Dkk3",4915.6646,6412.4404,17.41447,40
"443",281474976840950,67527,1,"Car4",4919.4814,6415.454,19.705978,40
"444",281474976840954,67527,0,"Dkk3",4919.8257,6418.965,16.550884,30.702248
"445",281474976844379,67500,0,"Kcnh5",4900.202,6418.1396,15.905505,40
"446",281474976844385,67500,0,"Rspo1",4901.3843,6402.676,15.577103,32.066185
"447",281474976844388,67500,1,"Kcnh5",4901.8135,6413.2544,17.892601,40
"448",281474976844394,67501,0,"Rmst",4902.8145,6400.0225,16.532633,40
"449",281474976844404,67500,1,"Kcnh5",4904.433,6412.4204,15.799579,22.389421
"450",281474976844429,67515,0,"Rmst",4909.5527,6403.427,15.242479,40
"451",281474976844476,67527,1,"Kcnh5",4919.403,6417.4785,15.599533,40
"452",281474976847904,67500,1,"Dkk3",4901.431,6407.987,17.296509,17.723394
"453",281474976847907,67500,1,"Nrep",4901.411,6411.3555,16.36328,24.210022
"454",281474976847938,67500,1,"Rasgrf2",4903.29,6412.8525,19.598377,40
"455",281474976847960,67500,0,"Gucy1a1",4905.1562,6406.5596,16.518364,40
"456",281474976847972,67500,0,"Rorb",4905.8467,6405.7305,15.859644,40
"457",281474976848020,67512,1,"Cntnap5b",4909.7666,6413.615,18.628687,40
"458",281474976848026,67512,0,"Nrep",4910.1616,6414.8955,17.354113,34.664646
"459",281474976848045,67512,1,"Nrep",4912.0835,6413.0117,17.908543,40
"460",281474976848048,67515,0,"Nrep",4912.3467,6403.9116,17.824106,40
"461",281474976848072,67512,0,"Gucy1a1",4914.2544,6413.1274,17.90342,23.611403
"462",281474976848102,67521,0,"Dkk3",4916.865,6419.9937,18.255926,13.95852
"463",281474976848122,67527,0,"Dkk3",4918.5186,6418.7744,14.905329,40
"464",281474976848130,67521,1,"Gucy1a1",4919.595,6412.0137,16.870882,20.41931
"465",281474976854412,67500,1,"Nrn1",4905.211,6409.8066,17.097904,40
"466",281474976854427,67515,0,"Ccn2",4906.836,6400.528,21.199747,15.579938
"467",281474976854477,67515,1,"Pde11a",4912.9927,6406.7617,17.487957,40
"468",281474976854505,67515,1,"Nrn1",4914.863,6411.807,15.62195,40
"469",281474976854506,67521,1,"Nrn1",4914.8936,6415.116,18.769402,40
"470",281474976854542,67521,0,"Nrn1",4917.8853,6419.453,14.266017,40
"471",281474976854569,67521,1,"Nrn1",4919.8013,6413.1465,18.84824,40
"472",281474976854570,67527,1,"Nrn1",4919.782,6417.5283,15.209697,40
"473",281474976859997,67500,1,"Rspo1",4902.349,6409.3823,19.21363,30.823961
"474",281474976860022,67500,0,"Gsg1l",4904.3823,6407.914,17.129122,40
"475",281474976860023,67500,0,"Adamts2",4904.449,6406.2397,16.767454,40
"476",281474976860098,67521,1,"Plch1",4916.3765,6417.2295,17.448843,23.347925
"477",281474976860102,67521,1,"Clmn",4916.95,6414.0728,17.166292,40
"478",281474976860112,67515,0,"Sorcs3",4918.443,6409.0396,15.348783,10.030882
"479",281474976863478,67500,1,"Epha4",4902.4575,6407.644,18.28006,30.823961
"480",281474976863494,67500,1,"Ppp1r1b",4904.243,6413.46,18.687908,32.066185
"481",281474976863500,67500,0,"Epha4",4905.277,6405.628,17.068333,40
"482",281474976863530,67500,0,"Ppp1r1b",4907.6724,6419.9883,15.37765,40
"483",281474976863538,67512,1,"Epha4",4908.5596,6412.0244,17.299427,40
"484",281474976863552,67515,1,"Epha4",4910.0415,6406.7275,17.373898,40
"485",281474976863559,67515,0,"Epha4",4910.6763,6404.671,17.573078,40
"486",281474976863562,67515,1,"Epha4",4910.904,6408.019,21.983297,20.108704
"487",281474976863572,67515,1,"Epha4",4911.501,6405.7627,18.168161,40
"488",281474976863583,67515,0,"Cdh9",4912.5957,6402.8706,15.666601,25.367966
"489",281474976863591,67515,1,"Epha4",4913.132,6407.322,18.122906,40
"490",281474976863594,67515,0,"Rmst",4913.529,6400.0913,16.227217,40
"491",281474976863626,67515,0,"Zfp536",4917.209,6404.5835,15.593453,40
"492",281474976863627,67521,1,"Epha4",4917.2495,6417.875,17.047207,40
"493",281474976863634,67521,0,"Bdnf",4917.8887,6418.537,17.831102,40
"494",281474976863645,67521,1,"Epha4",4919.1265,6412.299,17.280243,40
"495",281474976868392,67500,1,"Rims3",4900.1025,6411.8906,16.884438,40
"496",281474976868405,67500,1,"Gucy1a1",4900.6436,6408.933,16.622316,40
"497",281474976868407,67500,1,"Pip5k1b",4900.9536,6407.546,17.630909,40
"498",281474976868419,67500,1,"Rims3",4901.3696,6416.2935,16.294392,40
"499",281474976868427,67500,1,"Rims3",4901.503,6409.0635,16.85138,40
"500",281474976868435,67500,1,"Meis2",4902.112,6408.338,18.689447,10.20873
"501",281474976868443,67500,1,"Dpy19l1",4902.3345,6415.584,15.667554,12.252023
"502",281474976868476,67500,1,"Meis2",4903.954,6411.1885,16.722473,40
"503",281474976868487,67500,0,"Dpy19l1",4904.3247,6406.527,16.41726,11.931987
"504",281474976868518,67500,1,"Slc39a12",4905.6973,6412.1016,18.465864,13.233746
"505",281474976868535,67500,0,"Rims3",4906.526,6415.949,15.999741,40
"506",281474976868566,67512,0,"Satb2",4907.7275,6418.875,16.329788,40
"507",281474976868589,67512,1,"Meis2",4909.165,6410.4424,17.646862,40
"508",281474976868592,67512,0,"Rims3",4909.1587,6414.233,16.868896,23.35481
"509",281474976868603,67512,1,"Rims3",4910.0635,6413.419,18.919605,40
"510",281474976868723,67521,1,"Pip5k1b",4916.831,6418.028,16.82034,40
"511",281474976868726,67521,0,"Pip5k1b",4916.9805,6419.0205,17.303478,40
"512",281474976868730,67515,0,"Tox",4917.433,6409.649,15.484729,40
"513",281474976868731,67515,0,"Rims3",4917.4844,6407.547,16.59994,40
"514",281474976868756,67521,1,"Dpy19l1",4918.9907,6412.2188,18.169098,40
"515",281474976868766,67527,1,"Pip5k1b",4919.266,6415.961,14.334884,32.066185
"516",281474976877306,67500,1,"2010300C02Rik",4901.4473,6414.556,16.266436,40
"517",281474976877314,67500,0,"Aqp4",4902.262,6403.5117,16.085123,40
"518",281474976877324,67500,1,"Aqp4",4904.169,6408.3945,18.026947,40
"519",281474976877337,67500,0,"2010300C02Rik",4906.4756,6417.3774,14.421783,40
"520",281474976877348,67512,0,"Syt2",4907.801,6414.2173,17.909822,40
"521",281474976877369,67512,1,"Lamp5",4910.8833,6412.2734,16.978048,19.523724
"522",281474976877370,67512,1,"Cpne6",4910.9917,6409.0234,17.292318,12.813671
"523",281474976877371,67515,1,"2010300C02Rik",4911.3423,6408.0054,18.504345,40
"524",281474976877379,67521,0,"Lamp5",4912.915,6418.9487,14.499716,34.664646
"525",281474976877385,67521,0,"Lamp5",4913.877,6414.392,15.054792,40
"526",281474976877394,67521,0,"Cplx3",4914.5635,6413.1104,17.972305,40
"527",281474976877402,67515,1,"Pde7b",4915.663,6409.2275,18.06611,30.748438
"528",281474976877404,67521,1,"Lamp5",4916.1074,6414.3247,14.882731,34.664646
"529",281474976877405,67521,1,"Lamp5",4916.173,6417.0215,17.142344,30.865204
"530",281474976877426,67521,1,"Lamp5",4918.391,6413.4453,20.889442,8.702052
"531",281474976881457,67500,1,"Igfbp6",4901.6,6408.6187,17.374994,40
"532",281474976881471,67500,1,"Igfbp6",4902.7236,6409.195,16.549717,15.874091
"533",281474976881485,67500,0,"Gng12",4904.6406,6400.141,16.764187,40
"534",281474976881492,67500,1,"Igfbp6",4905.08,6413.808,16.566473,40
"535",281474976881513,67515,0,"Ror1",4907.2827,6401.065,22.209764,9.447334
"536",281474976881584,67515,1,"Nell1",4914.4634,6407.135,19.128761,17.24236
"537",281474976881589,67515,1,"Cux2",4915.0205,6406.401,19.02917,40
"538",281474976881618,67521,0,"Igfbp6",4917.8423,6419.026,15.795009,13.546033
"539",281474976881621,67521,0,"Igfbp6",4917.985,6417.617,17.244139,40
"540",281474976881640,67521,1,"Cux2",4919.675,6412.8003,17.678566,10.711847
"541",281474976881642,67527,0,"Igfbp6",4919.7544,6418.693,16.23017,22.019604
"542",281474976887084,67500,1,"Penk",4901.304,6413.6772,16.583433,21.882711
"543",281474976887092,67500,1,"Fhod3",4901.9697,6415.941,18.423183,40
"544",281474976887093,67500,1,"Hpcal1",4902.3237,6410.131,19.657736,18.410122
"545",281474976887108,67500,1,"Hpcal1",4903.3853,6411.3535,19.618202,40
"546",281474976887121,67500,1,"Penk",4905.0464,6410.9863,16.760511,21.882711
"547",281474976887122,67500,1,"Fhod3",4905.0815,6413.4897,15.49367,11.82056
"548",281474976887124,67500,0,"Penk",4905.431,6406.517,16.484734,40
"549",281474976887140,67512,0,"Fhod3",4906.5254,6406.9053,16.925014,25.08554
"550",281474976887150,67512,0,"Nrn1",4907.2085,6411.5376,17.695324,40
"551",281474976887206,67512,1,"Nrn1",4911.0522,6413.8594,16.93701,12.348826
"552",281474976887215,67515,1,"Nrn1",4912.0605,6407.702,16.93423,40
"553",281474976887221,67515,1,"Nrn1",4912.1265,6408.69,16.74622,40
"554",281474976887224,67512,1,"Tanc1",4912.276,6412.8765,19.308535,11.141278
"555",281474976887225,67515,1,"Nrn1",4912.3784,6405.315,16.783424,40
"556",281474976887244,67515,1,"Hpcal1",4913.407,6407.213,17.034824,23.801601
"557",281474976887245,67512,0,"Nrn1",4913.3564,6414.4443,14.650337,40
"558",281474976887246,67515,1,"Nrn1",4913.4414,6408.7773,16.125555,40
"559",281474976887271,67521,1,"Penk",4914.9067,6414.1465,15.312329,19.55817
"560",281474976887279,67515,1,"Hpcal1",4915.243,6408.2295,19.505108,40
"561",281474976887291,67521,1,"Tle4",4916.07,6416.508,18.481482,15.83157
"562",281474976887293,67521,1,"Nrn1",4916.2812,6411.9023,17.477715,12.823683
"563",281474976887298,67521,1,"Hpcal1",4916.671,6414.9893,15.588434,34.664646
"564",281474976887302,67521,1,"Penk",4916.8994,6414.3325,14.705643,40
"565",281474976887303,67521,0,"Nrn1",4916.858,6418.718,18.905659,23.687916
"566",281474976887305,67521,1,"Fhod3",4917.097,6412.777,19.141647,40
"567",281474976887312,67515,0,"Nrn1",4917.596,6401.941,15.944986,40
"568",281474976887334,67527,1,"Cntn6",4919.149,6416.236,19.484966,10.958671
"569",281474976887335,67521,0,"Nrn1",4919.1426,6410.4663,16.160744,40
"570",281474976892513,67500,1,"Tmem132d",4900.582,6412.406,16.892931,40
"571",281474976892523,67500,1,"Tmem132d",4902.1143,6412.3867,18.779924,26.808672
"572",281474976892532,67500,0,"Shisa6",4903.591,6416.8154,16.164532,23.45251
"573",281474976892550,67512,1,"Slit2",4909.563,6409.6626,17.305586,16.96241
"574",281474976892578,67521,0,"Gjc3",4914.7764,6418.662,18.38915,40
"575",281474976892587,67521,0,"Slit2",4916.854,6418.9204,18.384527,13.553818
"576",281474976892602,67521,1,"Rasl10a",4919.946,6413.5283,16.902063,40
"577",281474976895071,67500,1,"Nrn1",4900.2617,6415.683,16.125214,40
"578",281474976895110,67500,0,"Rfx4",4907.0693,6415.0176,14.391189,13.681051
"579",281474976895117,67512,0,"Nrn1",4907.7285,6413.051,17.380888,25.222496
"580",281474976895130,67512,0,"Nrn1",4908.887,6406.515,18.057398,40
"581",281474976895135,67512,1,"Nrn1",4909.488,6410.003,17.629522,40
"582",281474976895146,67512,0,"Nrn1",4911.173,6415.7314,17.142675,40
"583",281474976895149,67515,0,"Igf2",4912.1914,6402.3076,17.318155,40
"584",281474976895154,67515,1,"Nrn1",4912.6934,6407.6772,17.22715,16.727585
"585",281474976895171,67521,1,"Nrn1",4915.4785,6415.4165,17.24779,40
"586",281474976895172,67515,0,"Nrn1",4915.53,6412.328,15.079566,20.115238
"587",281474976895179,67521,1,"Nrn1",4917.1055,6416.883,18.44694,23.968115
"588",281474976895181,67521,1,"Nrn1",4917.838,6413.6396,14.428594,40
"589",281474976895190,67527,0,"Nrn1",4919.226,6415.513,14.135262,12.4061985
"590",281474976898848,67500,0,"Cdh20",4900.211,6402.968,14.341756,40
"591",281474976898865,67500,1,"Dkk3",4902.4697,6407.8037,17.260746,40
"592",281474976898870,67500,1,"Igsf21",4902.7695,6413.7974,21.440527,16.09377
"593",281474976898891,67500,0,"Dkk3",4905.585,6414.2725,17.5655,29.982046
"594",281474976898922,67512,1,"Prr16",4909.4575,6409.8984,18.264658,40
"595",281474976898952,67515,0,"Dkk3",4912.6353,6401.5615,15.014877,40
"596",281474976898975,67515,1,"Dkk3",4914.3887,6406.5737,18.322985,19.993013
"597",281474976898978,67515,1,"Dkk3",4914.6367,6411.1826,16.744843,40
"598",281474976898983,67515,1,"Prr16",4915.205,6406.8457,17.555988,40
"599",281474976898985,67515,1,"Dkk3",4915.4663,6410.914,17.455883,16.72818
"600",281474976898993,67515,1,"Inpp4b",4916.4634,6407.1934,17.13234,19.890934
"601",281474976899007,67521,1,"Prr16",4917.4644,6417.2812,19.359179,11.372989
"602",281474976899025,67527,1,"Igsf21",4919.2075,6416.7754,19.30844,40
"603",281474976903647,67500,1,"Npnt",4902.078,6409.2197,16.66514,30.676739
"604",281474976903648,67500,1,"Prdm8",4902.267,6410.986,16.862684,16.773191
"605",281474976903693,67500,0,"Neurod6",4905.281,6415.3843,15.761768,19.843029
"606",281474976903730,67512,1,"Neurod6",4908.079,6410.8086,16.931805,40
"607",281474976903735,67512,1,"Dner",4908.402,6411.672,19.608711,40
"608",281474976903752,67512,0,"Neurod6",4909.27,6414,18.38824,40
"609",281474976903755,67512,1,"Neurod6",4909.839,6413.217,17.281385,40
"610",281474976903780,67512,1,"Neurod6",4911.9204,6409.519,16.593739,40
"611",281474976903782,67512,0,"Neurod6",4911.97,6414.3276,18.038961,23.82534
"612",281474976903784,67515,0,"Npnt",4912.3555,6403.635,17.82714,40
"613",281474976903810,67515,1,"Mapk4",4913.9546,6407.7744,17.327637,40
"614",281474976903811,67512,0,"Rspo1",4914.01,6413.595,17.833847,24.717928
"615",281474976903814,67515,1,"Dner",4913.941,6406.7046,18.023335,40
"616",281474976903838,67521,1,"Gfra2",4915.63,6414.1045,19.47959,40
"617",281474976903840,67521,1,"Npnt",4915.6846,6415.5293,16.58474,40
"618",281474976903843,67515,0,"Gfra2",4915.848,6411.548,16.527836,40
"619",281474976903846,67521,1,"Neurod6",4916.0337,6413.324,15.130104,17.365131
"620",281474976903852,67521,1,"Neurod6",4916.619,6417.5835,17.235,18.138878
"621",281474976903856,67521,1,"Neurod6",4917.009,6413.0195,14.717432,40
"622",281474976903859,67515,0,"Neurod6",4917.241,6402.9463,16.357767,40
"623",281474976910812,67500,0,"Arhgap12",4900.418,6407.2437,18.330688,40
"624",281474976910813,67500,0,"Id2",4900.423,6417.111,16.375694,23.325583
"625",281474976910816,67500,1,"Id2",4901.135,6414.836,16.30336,40
"626",281474976910827,67500,0,"Cbln4",4901.856,6416.5728,16.908712,20.119884
"627",281474976910849,67500,0,"Id2",4905.1123,6416.602,16.792454,40
"628",281474976910854,67500,1,"Pdzrn3",4905.874,6412.4014,17.636286,40
"629",281474976910871,67515,0,"Id2",4907.7905,6400.221,15.437477,17.247183
"630",281474976910875,67512,1,"Id2",4908.4014,6409.632,18.173935,40
"631",281474976910907,67515,0,"Id2",4911.961,6403.574,17.54295,40
"632",281474976910908,67512,1,"Sncg",4912.1294,6411.3594,18.051453,40
"633",281474976910922,67515,0,"Cdh4",4913.5303,6404.799,18.264536,40
"634",281474976910938,67521,0,"Id2",4914.9478,6419.897,15.643478,17.629606
"635",281474976910940,67515,1,"Id2",4915.2236,6406.556,18.0224,15.403509
"636",281474976910945,67515,0,"Id2",4915.6094,6411.3394,15.56162,17.629606
"637",281474976910966,67521,1,"Id2",4917.4033,6416.867,17.915333,30.801292
"638",281474976910969,67521,1,"Id2",4917.7915,6412.403,14.624502,40
"639",281474976910984,67527,0,"Id2",4919.548,6419.376,17.942654,40
"640",281474976915896,67500,1,"Slc17a7",4900.771,6413.56,16.488684,27.086609
"641",281474976915901,67500,0,"Slc17a7",4901.2437,6406.8906,17.521717,40
"642",281474976915909,67500,1,"Rasgrf2",4901.5264,6412.508,18.03651,40
"643",281474976915965,67500,0,"Slc17a7",4905.1807,6413.9014,17.545317,40
"644",281474976915967,67500,1,"Slc17a7",4905.2534,6411.5977,16.539234,40
"645",281474976916014,67512,1,"Nrep",4909.751,6410.339,18.08128,40
"646",281474976916034,67515,0,"Slc17a7",4910.849,6405.3604,17.671125,40
"647",281474976916051,67512,1,"Slc17a7",4911.5435,6409.3413,16.115564,23.35481
"648",281474976916099,67521,0,"Slc17a7",4914.432,6413.9214,14.755786,40
"649",281474976916100,67515,0,"Slc17a7",4914.4883,6412.812,17.81236,40
"650",281474976916104,67515,1,"Nrep",4914.8228,6406.838,16.911486,40
"651",281474976916111,67521,1,"Slc17a7",4915.2344,6415.2017,17.364388,40
"652",281474976916115,67515,1,"Nrep",4915.378,6406.186,17.841707,40
"653",281474976916123,67515,1,"Nrep",4915.973,6408.8086,18.39256,17.934883
"654",281474976916127,67521,1,"Nrep",4916.1245,6416.612,17.582964,15.876793
"655",281474976916134,67515,0,"Slc17a7",4916.8984,6408.52,17.24547,40
"656",281474976916155,67527,0,"Rasgrf2",4918.1733,6419.0654,18.248087,40
"657",281474976916163,67521,1,"Slc17a7",4918.5527,6414.424,17.499548,40
"658",281474976916168,67521,1,"Slc17a7",4918.833,6413.7275,17.678774,40
"659",281474976921924,67500,0,"Acsbg1",4900.4893,6401.399,15.932157,40
"660",281474976921926,67500,1,"Chrm2",4900.5537,6414.3535,16.322823,40
"661",281474976921953,67500,1,"Slc17a6",4902.7974,6410.8594,19.028486,19.132074
"662",281474976921958,67500,1,"Slc17a6",4902.9805,6410.0034,15.909816,17.492622
"663",281474976921971,67500,1,"Slc17a6",4904.146,6413.9478,15.591684,40
"664",281474976921972,67500,0,"Hat1",4904.208,6408.1265,16.88496,23.202682
"665",281474976922022,67512,0,"Hat1",4908.2563,6407.471,18.216734,40
"666",281474976922048,67512,1,"Slc17a6",4909.651,6409.191,17.053768,40
"667",281474976922091,67515,1,"Slc17a6",4912.7373,6409.0005,17.689594,40
"668",281474976922104,67512,0,"Slc17a6",4913.5747,6414.1157,14.659253,40
"669",281474976922106,67515,1,"Slc17a6",4913.714,6410.6514,16.061846,40
"670",281474976922123,67515,1,"Nrep",4914.765,6408.354,17.14697,15.876793
"671",281474976922171,67521,1,"BLANK_0022",4918.078,6413.7026,14.645702,9.136518
"672",281474976922195,67521,1,"Bhlhe40",4919.526,6413.8125,14.544759,29.982046
"673",281474976928177,67500,1,"Necab1",4900.0576,6407.419,17.326603,40
"674",281474976928212,67500,1,"Arc",4904.6426,6412.4106,18.419056,40
"675",281474976928240,67512,0,"Arc",4907.075,6411.7993,18.43968,40
"676",281474976928241,67515,0,"Pdzrn3",4907.128,6403.904,16.56818,40
"677",281474976928274,67515,0,"Arc",4911.342,6404.532,18.122963,40
"678",281474976928287,67515,1,"Meis2",4912.457,6409.057,16.583836,40
"679",281474976928299,67521,0,"Meis2",4913.396,6415.2236,17.216776,40
"680",281474976928300,67512,1,"Arc",4913.6606,6413.108,19.008438,19.803265
"681",281474976928301,67521,0,"Pdzrn3",4913.5728,6417.371,15.427007,40
"682",281474976928310,67515,0,"Necab1",4914.5923,6403.5225,17.681034,30.72406
"683",281474976928319,67515,1,"Pdzrn3",4915.938,6410.0103,17.314962,40
"684",281474976928325,67521,1,"Necab1",4916.5547,6414.5957,14.515134,40
"685",281474976928345,67521,1,"Arc",4919.002,6413.196,17.578108,24.408794
"686",281474976933381,67500,1,"Sox11",4903.7563,6410.495,16.463478,40
"687",281474976933399,67500,0,"Sorcs3",4906.1587,6416.4873,16.182205,40
"688",281474976933448,67515,0,"Plcxd2",4910.634,6405,17.712946,40
"689",281474976933452,67515,1,"Sorcs3",4911.009,6407.764,17.433199,16.685408
"690",281474976933458,67515,1,"Kcnh5",4911.7773,6408.2905,16.962053,23.250202
"691",281474976933472,67512,0,"Kcnh5",4913.9585,6413.692,16.797009,40
"692",281474976933475,67512,0,"Kcnh5",4914.2554,6412.857,17.556608,23.750252
"693",281474976933479,67515,1,"Sema3a",4915.1055,6411.0854,18.468645,40
"694",281474976933494,67521,0,"Sorcs3",4916.9624,6419.7134,18.819561,40
"695",281474976933505,67521,1,"Zfpm2",4918.955,6415.0376,18.638033,22.43886
"696",281474976933508,67521,1,"Plcxd2",4919.1436,6414.8037,15.29454,40
"697",281474976936693,67500,1,"Tmem132d",4900.689,6407.661,17.99303,40
"698",281474976936696,67500,1,"Tmem132d",4901.006,6413.221,19.338907,40
"699",281474976936697,67500,1,"Nrn1",4901.161,6411.3643,16.41074,40
"700",281474976936700,67500,1,"Tmem132d",4901.6084,6416.3057,16.992828,40
"701",281474976936707,67500,0,"Nrn1",4902.445,6402.9165,16.021301,11.722803
"702",281474976936739,67500,1,"Nrn1",4904.5117,6410.8486,16.200844,40
"703",281474976936751,67500,0,"Gli3",4905.2295,6416.862,14.489243,14.936497
"704",281474976936756,67500,0,"Cntnap5b",4905.7554,6414.0566,16.937355,20.511444
"705",281474976936784,67512,0,"Nrn1",4907.88,6414.2554,17.381954,40
"706",281474976936790,67512,0,"Nrn1",4908.3735,6413.673,18.489056,40
"707",281474976936796,67512,1,"Nrn1",4908.809,6408.19,19.469809,34.664646
"708",281474976936808,67512,1,"Nrn1",4910.0947,6414.088,17.469772,40
"709",281474976936815,67515,1,"Nrn1",4910.583,6406.374,17.735424,40
"710",281474976936831,67515,0,"Angpt1",4911.988,6400.383,16.38136,40
"711",281474976936857,67521,0,"Nrn1",4913.866,6414.48,17.075956,40
"712",281474976936861,67521,0,"Gng12",4914.0537,6416.7666,17.13163,40
"713",281474976936876,67521,0,"Tmem132d",4914.873,6419.1353,16.340475,13.638089
"714",281474976936880,67521,1,"Nrn1",4915.027,6416.38,16.813938,40
"715",281474976936888,67515,1,"Nrn1",4915.5586,6408.97,17.719326,40
"716",281474976936896,67515,1,"Nrn1",4916.3296,6407.8267,17.069702,40
"717",281474976936912,67521,1,"Vat1l",4917.263,6416.977,19.333063,23.158466
"718",281474976936923,67521,1,"Nrn1",4918.049,6415.934,17.777973,40
"719",281474976936935,67515,0,"Nrn1",4919.1016,6405.209,14.335199,40
"720",281474976936936,67527,0,"Nrn1",4919.214,6418.788,17.39404,40
"721",281474976936939,67521,1,"Nrn1",4919.3584,6414.1807,16.672901,23.738697
"722",281474976936945,67527,1,"Tmem132d",4919.7227,6415.514,17.60331,40
"723",281474976943237,67500,1,"Lamp5",4901.154,6415.62,16.416004,34.664646
"724",281474976943260,67500,0,"Slc17a7",4902.691,6416.3867,15.419256,40
"725",281474976943275,67500,0,"Slc17a7",4903.5977,6407.9106,17.419554,40
"726",281474976943288,67500,0,"Slc17a7",4904.3877,6414.723,17.244568,40
"727",281474976943289,67500,1,"Lamp5",4904.501,6413.591,18.019104,40
"728",281474976943325,67512,0,"Slc17a7",4906.5254,6408.168,15.959264,40
"729",281474976943359,67512,1,"Vwc2l",4908.1514,6412.3022,17.501688,12.537635
"730",281474976943380,67512,0,"Lamp5",4908.963,6413.8247,17.894073,9.21484
"731",281474976943388,67515,0,"Gad1",4909.2188,6406.343,18.37218,40
"732",281474976943427,67512,1,"Lamp5",4911.398,6411.035,16.491863,40
"733",281474976943433,67521,0,"Aqp4",4911.623,6419.8345,16.097502,12.868783
"734",281474976943436,67515,0,"Slc17a7",4911.7993,6404.0527,16.864555,40
"735",281474976943446,67515,1,"Slc17a7",4912.028,6407.942,17.47052,40
"736",281474976943447,67512,0,"Lamp5",4912.146,6415.6997,14.394811,32.066185
"737",281474976943455,67512,1,"Slc17a7",4912.62,6411.3145,19.902365,40
"738",281474976943458,67521,0,"Lamp5",4912.664,6418.2847,15.364628,17.424667
"739",281474976943461,67512,0,"NegControlProbe_00031",4912.735,6414.2773,17.701822,19.745613
"740",281474976943509,67521,0,"Slc17a7",4915.238,6413.1094,17.055418,23.34259
"741",281474976943520,67515,1,"Slc17a7",4915.922,6410.6973,18.547592,40
"742",281474976943534,67521,1,"Lamp5",4916.293,6418.5005,18.537094,40
"743",281474976943535,67521,1,"Slc17a7",4916.4404,6417.9277,16.92741,40
"744",281474976943544,67521,1,"Npnt",4916.9453,6416.121,14.770686,34.664646
"745",281474976943589,67515,0,"Arhgap12",4918.6626,6404.44,15.429005,14.83653
"746",281474976943602,67521,1,"Slc17a7",4919.2935,6411.9404,16.80754,40
"747",281474976943604,67540,0,"Slc17a7",4919.3984,6400.2456,14.550896,40
"748",281474976943606,67527,0,"Slc17a7",4919.307,6415.505,16.551704,40
"749",281474976951611,67500,1,"Igfbp6",4901.0654,6413.4062,16.638123,40
"750",281474976951613,67500,1,"Igfbp6",4901.1675,6416.039,17.51294,23.711565
"751",281474976951630,67500,1,"Ppp1r1b",4902.304,6410.3296,15.769413,24.607695
"752",281474976951638,67500,1,"Dner",4903.089,6408.134,16.855433,40
"753",281474976951650,67500,1,"Igfbp6",4904.39,6413.0596,18.06846,40
"754",281474976951661,67500,0,"Ntsr2",4905.014,6401.1724,16.46039,25.866034
"755",281474976951667,67500,1,"Tanc1",4905.2344,6412.153,16.12782,40
"756",281474976951730,67512,1,"Plch1",4910.122,6407.5537,18.905014,40
"757",281474976951743,67512,1,"Pdzd2",4910.9863,6413.9087,17.594702,9.613
"758",281474976951745,67512,1,"Prr16",4911.253,6411.0674,19.202045,40
"759",281474976951783,67515,0,"Ppp1r1b",4915.283,6412.3984,15.382981,40
"760",281474976951790,67515,1,"Nell1",4915.683,6407.332,16.701458,40
"761",281474976951796,67515,1,"Nell1",4916.309,6406.828,17.615479,40
"762",281474976951816,67521,1,"Pdzd2",4917.7344,6415.1694,15.893784,9.613
"763",281474976951833,67521,0,"Ppp1r1b",4919.143,6415.6255,15.062054,10.799389
"764",281474976951837,67527,0,"Pdzd2",4919.7085,6414.885,16.173363,22.34074
"765",281474976957733,67500,1,"Gsg1l",4900.078,6407.819,16.905823,40
"766",281474976957735,67500,1,"Hpcal1",4900.1587,6408.9565,17.257475,21.08929
"767",281474976957755,67500,0,"Cabp7",4904.9,6404.984,16.29649,40
"768",281474976957792,67515,0,"Syndig1",4911.5073,6404.4526,15.283565,14.348705
"769",281474976957835,67521,1,"Gsg1l",4918.685,6413.9683,17.707563,40
"770",281474976961126,67500,1,"Gucy1a1",4902.4194,6409.7515,16.280844,40
"771",281474976961133,67500,1,"Neurod6",4902.8066,6411.9243,16.154463,13.431174
"772",281474976961152,67500,0,"Neurod6",4904.117,6415.0303,16.736216,40
"773",281474976961164,67500,0,"Bhlhe40",4904.8643,6406.424,16.28902,23.968115
"774",281474976961171,67500,1,"Dkk3",4905.2915,6413.006,17.756851,9.567414
"775",281474976961181,67500,0,"Dkk3",4905.7295,6407.333,17.387234,40
"776",281474976961199,67512,0,"Mapk4",4906.601,6406.194,18.014,17.848228
"777",281474976961211,67512,0,"Neurod6",4907.5205,6408.962,17.901266,40
"778",281474976961222,67512,0,"Gucy1a1",4908.449,6416.16,15.666031,18.635963
"779",281474976961226,67515,0,"Neurod6",4908.6753,6402.037,15.765981,30.702248
"780",281474976961227,67515,0,"Neurod6",4908.7275,6400.822,15.712364,40
"781",281474976961232,67512,0,"Dkk3",4908.7534,6418.541,16.481977,21.189056
"782",281474976961253,67512,1,"Bhlhe40",4910.7456,6409.9937,17.194098,40
"783",281474976961261,67521,0,"Sema3a",4910.7407,6419.439,16.370838,40
"784",281474976961263,67512,0,"Dkk3",4911.031,6414.91,17.366331,40
"785",281474976961274,67515,1,"Neurod6",4911.4644,6407.711,17.858717,13.431174
"786",281474976961281,67521,0,"Neurod6",4911.63,6417.998,15.268526,30.72406
"787",281474976961300,67521,0,"Dkk3",4912.7524,6417.901,15.583326,40
"788",281474976961312,67515,1,"Dkk3",4913.2266,6405.484,18.369913,40
"789",281474976961313,67515,1,"Dkk3",4913.247,6410.6904,17.192093,40
"790",281474976961319,67512,0,"Dkk3",4913.4873,6414.5464,15.094729,22.061653
"791",281474976961323,67515,0,"Bhlhe40",4913.7544,6404.415,17.887875,40
"792",281474976961327,67521,0,"Dkk3",4913.8687,6418.501,18.20039,40
"793",281474976961332,67515,1,"Dkk3",4914.169,6410.367,16.915724,40
"794",281474976961357,67515,1,"Neurod6",4915.0923,6408.571,16.509182,22.647171
"795",281474976961359,67515,1,"Neurod6",4915.237,6405.982,17.528378,40
"796",281474976961367,67521,1,"Neurod6",4915.543,6413.8164,14.623402,11.96805
"797",281474976961379,67521,1,"Dkk3",4916.2734,6415.005,14.855075,40
"798",281474976961380,67521,0,"Neurod6",4916.3203,6419.161,15.696672,40
"799",281474976961383,67521,1,"Gucy1a1",4916.4717,6411.9614,14.663126,40
"800",281474976961425,67527,1,"Neurod6",4918.662,6417.838,15.80776,23.443071
"801",281474976961435,67521,0,"Mapk4",4919.315,6411.1226,17.307955,8.761773
"802",281474976961436,67515,0,"Neurod6",4919.4365,6401.4814,15.757549,40
"803",281474976969991,67501,0,"Arc",4900.0615,6400.6094,14.85271,40
"804",281474976970012,67500,1,"Id2",4900.8774,6411.423,16.627844,40
"805",281474976970029,67500,1,"Satb2",4901.991,6408.452,17.183062,40
"806",281474976970082,67500,1,"Id2",4904.4946,6410.078,15.575044,14.696887
"807",281474976970095,67500,1,"Necab1",4905.2324,6411.174,16.73021,19.01902
"808",281474976970108,67500,0,"Arc",4905.9453,6408.0215,17.346518,23.5314
"809",281474976970111,67500,0,"Satb2",4906.0337,6410.2163,17.999018,22.153734
"810",281474976970112,67515,0,"Arc",4906.101,6401.3335,16.524628,17.868374
"811",281474976970113,67500,0,"Arc",4906.084,6415.201,17.375286,30.676739
"812",281474976970147,67512,0,"Arc",4908.1406,6407.158,18.411116,40
"813",281474976970156,67512,0,"Ppp1r1b",4908.458,6414.3203,16.38449,15.008084
"814",281474976970231,67512,1,"Satb2",4911.5483,6409.5977,20.039747,21.854868
"815",281474976970280,67512,1,"Necab1",4913.349,6413.2007,18.660429,23.42315
"816",281474976970286,67512,1,"Arc",4913.7017,6411.9814,18.599201,40
"817",281474976970291,67515,1,"Arc",4914.0547,6407.7637,16.610937,40
"818",281474976970295,67515,1,"Satb2",4914.304,6411.873,19.21972,40
"819",281474976970297,67515,1,"Ppp1r1b",4914.3975,6409.2793,16.092623,21.799477
"820",281474976970301,67515,1,"Satb2",4914.5293,6408.4272,15.2693815,21.854868
"821",281474976970320,67521,1,"Arc",4915.2437,6417.9585,17.852213,12.851835
"822",281474976970326,67515,1,"Id2",4915.5513,6408.223,17.510933,40
"823",281474976970337,67515,1,"Id2",4916.021,6406.935,17.336817,40
"824",281474976970356,67521,1,"Satb2",4916.6367,6417.5737,18.430285,21.96108
"825",281474976970357,67521,1,"Necab1",4916.724,6416.301,14.330937,10.082233
"826",281474976970370,67515,0,"Cabp7",4917.317,6403.732,17.163536,19.615234
"827",281474976970383,67515,0,"Arc",4918.016,6408.9067,15.347641,16.551737
"828",281474976970388,67521,1,"Id2",4918.088,6415.2734,15.805231,40
"829",281474976970400,67515,0,"Ppp1r1b",4918.775,6406.188,14.578224,40
"830",281474976970402,67521,0,"Id2",4918.8345,6409.1997,15.636212,14.696887
"831",281474976970418,67521,0,"Arc",4919.5547,6410.188,17.890343,40
"832",281474976970429,67527,1,"Satb2",4919.911,6414.8496,15.888452,40
"833",281474976970431,67521,1,"Necab1",4919.9746,6412.8057,17.517254,40
"834",281474976979499,67500,1,"Rims3",4901.465,6412.9653,15.731491,19.882236
"835",281474976979505,67500,1,"Plcxd2",4902.006,6414.8965,18.482458,14.557189
"836",281474976979515,67500,1,"Cpne4",4902.851,6409.555,17.361513,40
"837",281474976979523,67500,1,"Cpne4",4903.001,6415.421,17.736689,40
"838",281474976979531,67500,1,"Cdh6",4903.7354,6409.7305,18.822561,40
"839",281474976979532,67500,1,"Rims3",4904.0796,6411.211,19.321117,18.463543
"840",281474976979549,67500,0,"Plcxd2",4905.2134,6405.8057,17.867695,40
"841",281474976979569,67512,0,"Plcxd2",4906.2725,6405.867,16.295307,40
"842",281474976979583,67512,0,"Plcxd2",4906.9946,6411.2227,17.640451,40
"843",281474976979588,67512,0,"Cpne4",4907.265,6413.0337,16.932,40
"844",281474976979595,67512,0,"Rims3",4907.9614,6412.5034,18.110516,30.823961
"845",281474976979601,67512,0,"Pdzrn3",4908.432,6414.316,17.321774,40
"846",281474976979605,67512,0,"Rims3",4908.6807,6416.113,14.94962,40
"847",281474976979610,67515,0,"Plcxd2",4909.099,6402.97,16.012918,13.5009165
"848",281474976979613,67512,1,"Rims3",4909.167,6413.5176,16.94314,40
"849",281474976979630,67512,1,"Plcxd2",4910.292,6413.5957,17.30327,40
"850",281474976979637,67512,1,"Rims3",4910.5156,6409.3213,17.45264,40
"851",281474976979660,67512,1,"Rims3",4911.868,6411.5806,18.21287,40
"852",281474976979664,67515,1,"Rims3",4912.092,6406.5767,16.363777,40
"853",281474976979696,67521,1,"Rims3",4915.126,6418.3823,17.39118,21.660982
"854",281474976979716,67515,1,"Rims3",4916.403,6409.298,17.153975,40
"855",281474976979720,67521,1,"Opalin",4916.6147,6418.554,18.564898,30.823961
"856",281474976985136,67500,1,"Igsf21",4900.6377,6408.2085,19.063229,40
"857",281474976985138,67500,0,"Prr16",4900.706,6417.775,17.141838,22.253456
"858",281474976985161,67500,0,"Pde7b",4907.467,6419.3545,16.032827,40
"859",281474976985174,67515,0,"Pde7b",4912.427,6404.901,14.539035,40
"860",281474976988210,67500,0,"Igfbp5",4900.7515,6416.8413,17.255262,23.418076
"861",281474976988218,67500,1,"Garnl3",4901.35,6412.7056,19.342577,9.685756
"862",281474976988221,67500,1,"Pvalb",4901.508,6408.3315,14.703397,14.190089
"863",281474976988224,67500,1,"Igfbp5",4901.673,6411.961,16.28733,19.903566
"864",281474976988230,67500,1,"Mapk4",4902.104,6415.427,17.538784,40
"865",281474976988240,67500,1,"Rspo1",4902.9985,6414.335,16.852287,40
"866",281474976988244,67500,1,"Garnl3",4903.1484,6412.7324,18.557684,26.507923
"867",281474976988266,67500,1,"Pvalb",4904.2417,6409.651,15.96237,40
"868",281474976988276,67500,0,"Rspo1",4905.2544,6404.0845,16.109715,40
"869",281474976988306,67500,0,"Garnl3",4906.8164,6410.838,17.662983,40
"870",281474976988394,67515,1,"Crh",4911.0547,6407.255,17.59861,40
"871",281474976988407,67512,1,"Crh",4912.1084,6413.528,17.514677,40
"872",281474976988446,67515,1,"Dpy19l1",4913.868,6410.866,17.009735,24.408794
"873",281474976988457,67515,0,"Dpy19l1",4914.624,6405.0244,15.385832,40
"874",281474976988463,67515,0,"Slc39a12",4914.8745,6402.4,14.658789,40
"875",281474976988468,67515,1,"Dpy19l1",4915.1357,6408.6787,19.872614,40
"876",281474976988477,67515,0,"Dpy19l1",4915.3247,6412.477,16.67445,23.427874
"877",281474976988485,67515,0,"Slc39a12",4915.675,6401.72,14.65637,40
"878",281474976988488,67515,1,"Mapk4",4915.7856,6407.5767,17.731121,40
"879",281474976988505,67515,0,"Rspo1",4916.7134,6405.788,14.5624485,40
"880",281474976988506,67515,1,"Crh",4916.685,6408.951,17.123735,40
"881",281474976988509,67521,0,"Mapk4",4916.776,6419.709,18.548956,23.86418
"882",281474976988522,67521,0,"Dpy19l1",4917.627,6419.5156,16.493824,17.409811
"883",281474976988533,67527,0,"Pou3f1",4918.3516,6417.6665,17.780144,18.825117
"884",281474976988549,67521,0,"Dpy19l1",4918.9683,6415.787,19.496708,40
"885",281474976997006,67500,1,"Pde7b",4900.047,6411.306,16.807823,40
"886",281474976997019,67500,1,"Trpc4",4900.954,6416.1147,18.639309,40
"887",281474976997021,67501,0,"Kcnh5",4901.2627,6400.3813,15.515549,40
"888",281474976997035,67500,0,"Pde7b",4902.3125,6406.897,16.813469,40
"889",281474976997042,67500,1,"Calb1",4902.7866,6410.764,19.47888,9.405522
"890",281474976997059,67500,1,"Nrep",4904.436,6411.143,16.584423,40
"891",281474976997086,67500,0,"Rfx4",4905.8145,6413.08,18.10801,40
"892",281474976997111,67515,0,"Kcnh5",4907.758,6400.5186,16.656666,40
"893",281474976997140,67512,1,"Nrep",4909.8735,6411.7637,17.826944,40
"894",281474976997168,67512,0,"Pde7b",4911.235,6415.6196,17.674307,34.664646
"895",281474976997194,67515,1,"Nrep",4912.3193,6405.7056,17.936535,40
"896",281474976997207,67521,0,"Slc17a6",4912.936,6415.4062,15.707711,30.772257
"897",281474976997212,67515,1,"Nrep",4913.161,6405.2314,16.61533,29.319859
"898",281474976997219,67512,1,"Pde7b",4913.5186,6411.946,16.905455,40
"899",281474976997228,67515,1,"Slc17a6",4914.213,6409.466,20.145813,40
"900",281474976997238,67521,1,"Pde7b",4914.7393,6414.632,15.599459,27.416153
"901",281474976997296,67515,0,"Pde7b",4918.9253,6403.3716,14.872265,40
"902",281474976997300,67527,1,"Pde7b",4919.2397,6415.8604,16.6142,40
"903",281474976997311,67527,0,"Nrep",4919.959,6414.3833,15.678633,40
"904",281474977004189,67500,1,"Epha4",4904.0537,6408.6157,17.834988,23.460363
"905",281474977004192,67500,1,"Myo16",4904.3154,6410.687,18.620262,40
"906",281474977004208,67500,0,"Epha4",4905.4307,6414.9795,16.514446,40
"907",281474977004233,67512,0,"Rmst",4907.6987,6406.2153,15.192101,40
"908",281474977004255,67512,0,"Epha4",4908.9736,6413.9917,18.030323,16.522789
"909",281474977004261,67512,1,"Epha4",4909.242,6408.451,18.052532,40
"910",281474977004271,67512,0,"Acsbg1",4909.9463,6417.8,14.217833,40
"911",281474977004310,67512,1,"Myl4",4912.34,6413.671,17.767536,40
"912",281474977004365,67521,1,"Rmst",4916.1885,6414.825,20.570032,40
"913",281474977004378,67521,0,"Epha4",4917.02,6418.7886,17.352114,30.72406
"914",281474977004389,67515,0,"Acsbg1",4917.7837,6401.8237,14.234922,40
"915",281474977004390,67521,0,"Rmst",4917.695,6419.4966,19.061644,40
"916",281474977004415,67527,0,"Rmst",4919.4355,6418.9966,16.344885,12.269929
"917",281474977011603,67500,1,"Sema3a",4900.3374,6413.1934,16.869461,23.666697
"918",281474977011614,67500,1,"Tle4",4901.1714,6412.2876,16.31887,40
"919",281474977011624,67500,0,"Sema3a",4902.3213,6402.107,16.180084,40
"920",281474977011647,67500,1,"Pip5k1b",4904.966,6413.6587,16.78237,9.429207
"921",281474977011649,67500,1,"Bhlhe40",4905.052,6410.8174,18.085289,40
"922",281474977011659,67500,0,"Pip5k1b",4905.7705,6406.0835,16.753424,22.01732
"923",281474977011667,67500,0,"Sema3a",4906.1694,6408.2363,16.350819,40
"924",281474977011677,67500,0,"Pip5k1b",4906.795,6413.8975,15.198187,40
"925",281474977011695,67512,0,"Bhlhe40",4908.3857,6417.823,16.9847,40
"926",281474977011716,67512,1,"Dpy19l1",4910.2275,6408.1934,18.360584,40
"927",281474977011717,67512,1,"Pip5k1b",4910.219,6409.1245,16.760693,19.468655
"928",281474977011748,67512,1,"Pip5k1b",4912.4023,6411.4385,16.42284,40
"929",281474977011750,67515,1,"Dpy19l1",4912.47,6407.437,17.517906,23.188745
"930",281474977011764,67521,0,"Pip5k1b",4913.383,6414.9595,15.245819,22.01732
"931",281474977011765,67515,1,"Pip5k1b",4913.456,6409.6772,18.419018,40
"932",281474977011776,67515,1,"Galnt14",4914.219,6411.3604,17.083574,40
"933",281474977011783,67515,1,"Bhlhe40",4914.802,6409.4307,16.459867,40
"934",281474977011789,67521,1,"Dpy19l1",4915.0854,6414.5635,15.951471,40
"935",281474977011825,67515,0,"Dpy19l1",4918.0356,6406.2837,14.913825,20.802876
"936",281474977011842,67527,1,"Dpy19l1",4919.5005,6416.883,16.65154,40
"937",281474977018194,67521,1,"Neurod6",4917.3594,6413.788,14.620279,40
"938",281474977018210,67527,1,"Neurod6",4919.268,6416.068,16.37866,14.99772
"939",281474977018216,67521,0,"Kctd12",4919.6816,6411.2705,17.340525,40
"940",281474977022409,67500,1,"Hat1",4902.4937,6412.795,15.984677,40
"941",281474977022459,67515,0,"Penk",4912.085,6403.357,16.405043,17.44705
"942",281474977022466,67515,0,"Penk",4913.1855,6402.6416,16.173586,22.426336
"943",281474977022468,67515,1,"Lypd6",4913.476,6409.868,15.666707,40
"944",281474977022495,67527,0,"Gfra2",4918.439,6419.104,14.4893675,40
"945",281474977022498,67521,1,"Penk",4918.7505,6415.503,17.657482,30.772257
"946",281474977026543,67501,0,"Rasgrf2",4901.5654,6400.573,15.631756,40
"947",281474977026544,67500,1,"Meis2",4901.525,6407.82,18.306534,40
"948",281474977026558,67500,1,"Meis2",4902.6357,6409.8237,16.431145,23.365057
"949",281474977026561,67500,1,"Meis2",4902.8833,6408.735,16.225685,23.669182
"950",281474977026576,67500,1,"Meis2",4904.9043,6413.904,18.593744,19.676964
"951",281474977026578,67500,0,"Meis2",4904.944,6419.2,16.155682,40
"952",281474977026588,67500,0,"Meis2",4905.763,6413.9473,17.740696,30.772257
"953",281474977026628,67512,1,"Meis2",4909.4595,6408.685,17.16579,40
"954",281474977026630,67512,1,"Rprm",4909.485,6411.564,16.554214,16.458828
"955",281474977026647,67515,1,"Rasgrf2",4911.2427,6407.448,18.90217,40
"956",281474977026678,67521,0,"Meis2",4913.6104,6418.1587,15.268962,40
"957",281474977026679,67512,1,"Acsbg1",4913.586,6413.2363,17.916964,21.228651
"958",281474977026685,67515,1,"Meis2",4914.1475,6407.0884,17.204142,40
"959",281474977026692,67515,0,"Meis2",4915.0166,6401.1714,17.552368,40
"960",281474977026705,67521,1,"Sema6a",4915.799,6416.2163,17.82604,40
"961",281474977026719,67515,0,"Acsbg1",4917.4844,6403.866,14.590823,40
"962",281474977026746,67521,0,"Rasgrf2",4919.95,6410.9985,16.95214,40
