"","fov","cell_ID","x_global_px","y_global_px","x_local_px","y_local_px","z","target","CellComp"
"1",2,0,10066.3558555556,140003.730555556,2860.8003,3248.175,1,"GLUL","Nuclear"
"2",2,0,10096.4430555556,140011.093035556,2890.8875,3255.53748,1,"RXRB","0"
"3",2,0,10093.4410555556,140002.212725556,2887.8855,3246.65717,1,"CLOCK","0"
"4",2,0,10095.5267555556,140002.726955556,2889.9712,3247.1714,1,"MALAT1","0"
"5",2,0,10084.9666555556,140007.633315556,2879.4111,3252.07776,1,"FASN","0"
"6",2,0,10096.6890555556,140004.633315556,2891.1335,3249.07776,1,"EZH2","0"
"7",2,0,10077.7056555556,140009.788855556,2872.1501,3254.2333,1,"FGF18","0"
"8",2,0,10090.6388555556,140015.147195556,2885.0833,3259.59164,1,"EZH2","0"
"9",2,0,10079.8553555556,140006.238905556,2874.2998,3250.68335,1,"CTNNB1","0"
"10",2,0,10099.0269555556,140003.398415556,2893.4714,3247.84286,1,"EPOR","0"
"11",2,0,10077.0055555556,140000.130535556,2871.45,3244.57498,1,"FGF1","Nuclear"
"12",2,0,10090.6554555556,140008.026995556,2885.0999,3252.47144,1,"RAC1","0"
"13",2,0,10089.4154555556,140011.375555556,2883.8599,3255.82,1,"MZT2A","0"
"14",2,0,10076.3153555556,140008.675515556,2870.7598,3253.11996,1,"C1QA","0"
"15",2,0,10090.6155555556,140011.915575556,2885.06,3256.36002,1,"MZT2A","0"
"16",2,0,10081.7557555556,140008.630555556,2876.2002,3253.075,1,"HSP90AA1","0"
"17",2,0,10091.7157118056,140014.635572645,2886.16015625,3259.08001708984,0,"RPL22","0"
"18",2,0,10084.9911024306,140008.191267225,2879.435546875,3252.63571166992,0,"HBA1","0"
"19",2,0,10092.2928602431,140000.930586073,2886.7373046875,3245.37503051758,0,"ITGAX","0"
"20",2,0,10088.0955946181,140006.635572645,2882.5400390625,3251.08001708984,0,"FZD6","0"
"21",2,0,10086.6388075087,140007.72221205,2881.08325195312,3252.16665649414,0,"CLDN4","0"
"22",2,0,10096.8055555556,140002.888929579,2891.25,3247.33337402344,0,"NOTCH3","0"
"23",2,0,10081.3756239149,140018.435560438,2875.82006835938,3262.88000488281,0,"LY6D","Membrane"
"24",2,0,10087.0330946181,140013.02223036,2881.4775390625,3257.46667480469,0,"EFNB2","0"
"25",2,0,10078.1805555556,140009.030561659,2872.625,3253.47500610352,0,"MS4A1","0"
"26",2,0,10085.8307020399,140014.83057997,2880.27514648438,3259.27502441406,0,"CXCR3","0"
"27",2,0,10096.0887586806,140015.605573866,2890.533203125,3260.05001831055,0,"NLRP2","Membrane"
"28",2,0,10078.7889539931,140010.466688368,2873.2333984375,3254.9111328125,0,"HLA-DRB1","0"
"29",2,0,10081.3888075087,140009.588880751,2875.83325195312,3254.03332519531,0,"ICAM1","0"
"30",2,0,10099.9127332899,140011.755537245,2894.35717773438,3256.19998168945,0,"MAPK14","0"
"31",2,0,10086.2357313368,140016.815534804,2880.68017578125,3261.25997924805,0,"KRT8","0"
"32",2,0,10072.8304578993,140003.930555556,2867.27490234375,3248.375,0,"HSP90AB1","Nuclear"
"33",2,0,10064.9723036024,140094.77223036,2859.41674804688,3339.21667480469,0,"MIF","0"
"34",2,0,10071.9891493056,140009.938886854,2866.43359375,3254.38333129883,4,"HSP90AA1","0"
"35",2,0,10084.0557996962,140025.410139296,2878.50024414062,3269.85458374023,4,"BAX","0"
"36",2,0,10078.1556532118,140015.475568983,2872.60009765625,3259.92001342773,4,"MALAT1","0"
"37",2,0,10073.6556532118,140002.655592177,2868.10009765625,3247.10003662109,4,"OASL","Nuclear"
"38",2,0,10088.3353407118,140015.195570204,2882.77978515625,3259.64001464844,4,"FGF18","0"
"39",2,0,10052.5355360243,140004.455549452,2846.97998046875,3248.89999389648,4,"MZT2A","Nuclear"
"40",2,0,10085.5955946181,140000.495557997,2880.0400390625,3244.94000244141,4,"KRAS","0"
"41",2,0,10073.3304578993,140003.680555556,2867.77490234375,3248.125,4,"OASL","Nuclear"
"42",2,0,10069.9054090712,140009.588911268,2864.34985351562,3254.03335571289,4,"COL1A2","Nuclear"
"43",2,0,10083.2955457899,140006.415571425,2877.73999023438,3250.86001586914,4,"NLRC5","0"
"44",2,0,10057.9957411024,140002.87556288,2852.44018554688,3247.32000732422,4,"ADGRL1","Nuclear"
"45",2,0,10085.2430555556,140018.305555556,2879.6875,3262.75,4,"MZT2A","Membrane"
"46",2,0,10098.1222059462,140019.655561659,2892.56665039062,3264.10000610352,4,"RAC1","Membrane"
"47",2,0,10091.1270887587,140015.526960585,2885.57153320312,3259.9714050293,4,"CD276","0"
"48",2,0,10057.4056532118,140005.605543349,2851.85009765625,3250.04998779297,4,"CSK","Nuclear"
"49",2,0,10056.1180555556,140004.205549452,2850.5625,3248.64999389648,4,"CTSG","Nuclear"
"50",2,0,10082.6554090712,140006.598371718,2877.09985351562,3251.04281616211,4,"MALAT1","0"
"51",2,0,10086.8180067274,140010.355543349,2881.26245117188,3254.79998779297,4,"COL9A2","0"
"52",2,0,10066.9054090712,140003.630567763,2861.34985351562,3248.07501220703,4,"MZT2A","Nuclear"
"53",2,0,10094.4305555556,140002.705549452,2888.875,3247.14999389648,-1,"MALAT1","0"
"54",2,0,10092.0306532118,140000.355543349,2886.47509765625,3244.79998779297,-1,"ITGAX","0"
"55",2,0,10080.8307020399,140002.005567763,2875.27514648438,3246.45001220703,-1,"GSTP1","Nuclear"
"56",2,0,10080.5755750868,140023.935529921,2875.02001953125,3268.37997436523,-1,"HLA-E","0"
"57",2,0,10096.1153700087,140015.535566542,2890.55981445312,3259.98001098633,-1,"NLRP2","Membrane"
"58",2,0,10049.4803602431,140006.430555556,2843.9248046875,3250.875,-1,"JUNB","Nuclear"
"59",2,0,10083.4181043837,140012.155561659,2877.86254882812,3256.60000610352,-1,"CCL21","0"
"60",2,0,10091.6388075087,140007.422254774,2886.08325195312,3251.86669921875,-1,"ANGPTL1","0"
"61",2,0,10079.8412000868,140009.241285536,2874.28564453125,3253.68572998047,-1,"KRAS","0"
"62",2,0,10094.2957899306,140003.915571425,2888.740234375,3248.36001586914,-1,"MALAT1","0"
"63",2,0,10089.5736219618,140014.737379286,2884.01806640625,3259.18182373047,-1,"SMO","0"
"64",2,0,10092.0843641493,140001.626997206,2886.52880859375,3246.07144165039,-1,"ITGAX","0"
"65",2,0,10091.8111707899,140014.477796766,2886.25561523438,3258.92224121094,-1,"RPL22","0"
"66",2,0,10084.7223036024,140012.922224257,2879.16674804688,3257.36666870117,-1,"JUNB","0"
"67",2,0,10085.1998426649,140015.511121962,2879.64428710938,3259.95556640625,-1,"IL11","0"
"68",2,0,10098.4386121962,140008.555555556,2892.88305664062,3253,-1,"KIT","0"
"69",2,0,10090.5057508681,140016.030592177,2884.9501953125,3260.47503662109,-1,"FGF18","0"
"70",2,0,10071.1180555556,140012.905531141,2865.5625,3257.34997558594,-1,"SOX4","0"
"71",2,0,10098.2454969618,140007.275556776,2892.68994140625,3251.7200012207,-1,"HSPA1B","0"
"72",2,0,10080.5389539931,140014.355512831,2874.9833984375,3258.79995727539,-1,"MARCO","0"
"73",2,0,10094.0555555556,140000.041303847,2888.5,3244.48574829102,5,"LEP","0"
"74",2,0,10082.7721082899,140009.305555556,2877.21655273438,3253.75,5,"NFKBIA","0"
"75",2,0,10071.8055555556,140010.01807997,2866.25,3254.46252441406,5,"LDLR","0"
"76",2,0,10076.1695692274,140017.541242811,2870.61401367188,3261.98568725586,5,"MAML2","0"
"77",2,0,10084.5267469618,140010.869856093,2878.97119140625,3255.31430053711,5,"MALAT1","0"
"78",2,0,10077.0755750868,140005.075575087,2871.52001953125,3249.52001953125,5,"TUBB","Nuclear"
"79",2,0,10095.6681043837,140012.205549452,2890.11254882812,3256.64999389648,5,"NDRG1","0"
"80",2,0,10079.5890028212,140011.355573866,2874.03344726562,3255.80001831055,5,"CALM2","0"
"81",2,0,10087.3055555556,140015.355543349,2881.75,3259.79998779297,5,"VHL","0"
"82",2,0,10080.4554578993,140004.922224257,2874.89990234375,3249.36666870117,5,"H2AZ1","0"
"83",2,0,10058.4754774306,140003.715559218,2852.919921875,3248.16000366211,5,"RPL22","Nuclear"
"84",2,0,10099.9554578993,140015.398390028,2894.39990234375,3259.84283447266,5,"SOX4","Membrane"
"85",2,0,10061.5355360243,140006.315565321,2855.97998046875,3250.76000976562,5,"FGFR1","Nuclear"
"86",2,0,10076.0155164931,140006.075544569,2870.4599609375,3250.51998901367,5,"TUBB","0"
"87",2,0,10079.0357801649,140009.175550673,2873.48022460938,3253.61999511719,5,"DDR1","0"
"88",2,0,10063.0306532118,140003.680555556,2857.47509765625,3248.125,5,"MZT2A","Nuclear"
"89",2,0,10066.8158094618,140003.615553114,2861.26025390625,3248.05999755859,5,"MZT2A","Nuclear"
"90",2,0,10074.6356336806,140003.45557997,2869.080078125,3247.90002441406,3,"SLPI","Nuclear"
"91",2,0,10086.8807508681,140022.822187636,2881.3251953125,3267.26663208008,3,"TUBB","Membrane"
"92",2,0,10074.4415418837,140010.498396132,2868.88598632812,3254.94284057617,3,"MALAT1","0"
"93",2,0,10093.5413953993,140004.955518934,2887.98583984375,3249.39996337891,3,"STMN1","0"
"94",2,0,10088.2511121962,140003.773725722,2882.69555664062,3248.21817016602,3,"EPHB4","0"
"95",2,0,10082.8109266493,140006.311140272,2877.25537109375,3250.7555847168,3,"MALAT1","0"
"96",2,0,10069.6720106337,140009.872205946,2864.11645507812,3254.31665039062,3,"COL1A2","Nuclear"
"97",2,0,10082.0955946181,140016.255567763,2876.5400390625,3260.70001220703,3,"NLRP2","0"
"98",2,0,10073.9889051649,140011.555555556,2868.43334960938,3256,3,"MALAT1","0"
"99",2,0,10073.6666395399,140002.511091444,2868.11108398438,3246.95553588867,3,"OASL","Nuclear"
"100",2,0,10075.6432020399,140016.518049452,2870.08764648438,3260.96249389648,3,"MZT2A","0"
"101",2,0,10071.7669813368,140010.211103651,2866.21142578125,3254.6555480957,3,"HSP90AA1","0"
"102",2,0,10084.6556532118,140018.035536024,2879.10009765625,3262.47998046875,3,"MZT2A","Membrane"
"103",2,0,10093.5269911024,140005.055555556,2887.97143554688,3249.5,2,"STMN1","0"
"104",2,0,10099.3431532118,140006.143049452,2893.78759765625,3250.58749389648,2,"ICAM1","0"
"105",2,0,10078.5804578993,140007.980573866,2873.02490234375,3252.42501831055,2,"DST","0"
"106",2,0,10096.5755750868,140011.155561659,2891.02001953125,3255.60000610352,2,"RXRB","0"
"107",2,0,10097.6888563368,140001.127790663,2892.13330078125,3245.57223510742,2,"HSPA1A","0"
"108",2,0,10090.5125868056,140008.555586073,2884.95703125,3253.00003051758,2,"RAC1","0"
"109",2,0,10073.2557508681,140000.199964735,2867.7001953125,3244.64440917969,2,"H4C3","Nuclear"
"110",2,0,10076.6009657118,140008.573744032,2871.04541015625,3253.01818847656,2,"C1QA","0"
"111",2,0,10083.7957899306,140018.79554579,2878.240234375,3263.23999023438,6,"CALD1","Membrane"
"112",2,0,10084.8128797743,140006.18415663,2879.25732421875,3250.62860107422,6,"CELSR1","0"
"113",2,0,10088.8697645399,140005.498426649,2883.31420898438,3249.94287109375,6,"COL18A1","0"
"114",2,0,10098.2057020399,140020.938886854,2892.65014648438,3265.38333129883,6,"NOSIP","Membrane"
"115",2,0,10092.3443739149,140020.333326552,2886.78881835938,3264.77777099609,6,"DPP4","Membrane"
"116",2,0,10088.6805555556,140023.405561659,2883.125,3267.85000610352,6,"BCL2","Membrane"
"117",2,0,10050.6056043837,140001.280531141,2845.05004882812,3245.72497558594,6,"IFITM3","Nuclear"
"118",2,0,10097.5982801649,140022.227003309,2892.04272460938,3266.67144775391,6,"CLDN4","0"
"119",2,0,10090.3553602431,140005.055555556,2884.7998046875,3249.5,6,"PLA2R1","0"
"120",2,0,10073.4432508681,140015.480543349,2867.8876953125,3259.92498779297,6,"H2AZ1","0"
"121",2,0,10075.1056043837,140008.018049452,2869.55004882812,3252.46249389648,6,"DNMT3A","0"
"122",2,0,10089.5555555556,140023.938886854,2884,3268.38333129883,6,"BCL2","Membrane"
"123",2,0,10077.9354383681,140002.395551893,2872.3798828125,3246.83999633789,6,"NEAT1","Nuclear"
"124",2,0,10079.7757703993,140017.135542128,2874.22021484375,3261.57998657227,6,"CDKN1A","Membrane"
"125",2,0,10084.0306532118,140014.305555556,2878.47509765625,3258.75,6,"HSP90B1","0"
"126",2,0,10089.6805555556,140007.505567763,2884.125,3251.95001220703,6,"ITGB2","0"
"127",2,0,10080.2757703993,140014.995557997,2874.72021484375,3259.44000244141,6,"ADGRE5","0"
"128",2,0,10088.8553602431,140004.830549452,2883.2998046875,3249.27499389648,6,"FGFR1","0"
"129",2,0,10078.9154188368,140006.215559218,2873.35986328125,3250.66000366211,6,"FGF18","0"
"130",2,0,10097.0055067274,140021.555555556,2891.44995117188,3266,6,"MZT2A","Membrane"
"131",2,0,10089.2555067274,140015.505567763,2883.69995117188,3259.95001220703,7,"FGF9","0"
"132",2,0,10089.0721571181,140004.655561659,2883.5166015625,3249.10000610352,7,"FGFR1","0"
"133",2,329,10091.6270555556,140061.312695556,2886.0715,3305.75714,1,"AGR2","Cytoplasm"
"134",2,329,10081.6890555556,140069.788925556,2876.1335,3314.23337,1,"STMN1","Cytoplasm"
"135",2,329,10086.9055555556,140063.305555556,2881.35,3307.75,1,"CALM2","Membrane"
"136",2,329,10082.5955555556,140056.955555556,2877.04,3301.4,1,"IGF2R","Membrane"
"137",2,329,10074.0555555556,140094.288895556,2868.5,3338.73334,1,"CALM2","Membrane"
"138",2,329,10095.2445555556,140040.033305556,2889.689,3284.47775,1,"CD40","Cytoplasm"
"139",2,329,10091.7052555556,140037.555555556,2886.1497,3282,1,"TNFRSF10B","Cytoplasm"
"140",2,329,10075.7332555556,140099.555585556,2870.1777,3344.00003,1,"TUBB","Cytoplasm"
"141",2,329,10087.8270555556,140064.955555556,2882.2715,3309.4,1,"EZR","Membrane"
"142",2,329,10086.2723555556,140064.638855556,2880.7168,3309.0833,1,"CALM2","Membrane"
"143",2,329,10098.6885555556,140069.422225556,2893.133,3313.86667,1,"DPP4","Nuclear"
"144",2,329,10096.1305555556,140046.080515556,2890.575,3290.52496,1,"CSF3","Cytoplasm"
"145",2,329,10097.4805555556,140074.280535556,2891.925,3318.72498,1,"RPL32","Nuclear"
"146",2,329,10094.2699555556,140045.669855556,2888.7144,3290.1143,1,"COL18A1","Cytoplasm"
"147",2,329,10083.5955555556,140050.575575556,2878.04,3295.02002,1,"FKBP11","Cytoplasm"
"148",2,329,10092.8888555556,140080.455555556,2887.3333,3324.9,1,"HSPB1","Cytoplasm"
"149",2,329,10098.6355555556,140068.355555556,2893.08,3312.8,1,"DPP4","Nuclear"
"150",2,329,10083.9430555556,140042.168055556,2878.3875,3286.6125,1,"CXCL5","Cytoplasm"
"151",2,329,10086.7843555556,140042.955515556,2881.2288,3287.39996,1,"PPARD","Membrane"
"152",2,329,10085.8985555556,140077.398415556,2880.343,3321.84286,1,"HDAC1","Membrane"
"153",2,329,10093.9255555556,140067.015575556,2888.37,3311.46002,1,"PTGES3","Nuclear"
"154",2,329,10096.1555555556,140058.455555556,2890.6,3302.9,1,"NPPC","Cytoplasm"
"155",2,329,10090.4356555556,140066.975535556,2884.8801,3311.41998,1,"STMN1","Cytoplasm"
"156",2,329,10096.6556532118,140076.630567763,2891.10009765625,3321.07501220703,0,"TUBB","Nuclear"
"157",2,329,10078.6556532118,140076.605543349,2873.10009765625,3321.04998779297,0,"IL12B","Cytoplasm"
"158",2,329,10082.1356336806,140070.895551893,2876.580078125,3315.33999633789,0,"FFAR4","Cytoplasm"
"159",2,329,10085.5413953993,140028.412702772,2879.98583984375,3272.8571472168,0,"NegPrb3","Cytoplasm"
"160",2,329,10082.7303602431,140049.45557997,2877.1748046875,3293.90002441406,0,"PRSS2","Cytoplasm"
"161",2,329,10075.3250868056,140098.8170912,2869.76953125,3343.26153564453,0,"TUBB","Cytoplasm"
"162",2,329,10098.7413465712,140050.784101698,2893.18579101562,3295.22854614258,0,"CASR","Cytoplasm"
"163",2,329,10094.1112196181,140061.111097548,2888.5556640625,3305.55554199219,0,"NRG4","Cytoplasm"
"164",2,329,10095.4464246962,140081.055555556,2889.89086914062,3325.5,0,"CLU","Nuclear"
"165",2,329,10082.7000868056,140076.711103651,2877.14453125,3321.1555480957,0,"COL6A3","Membrane"
"166",2,329,10088.2555067274,140044.405592177,2882.69995117188,3288.85003662109,0,"CLEC4D","Membrane"
"167",2,329,10089.7254774306,140046.795576308,2884.169921875,3291.24002075195,0,"MALAT1","Membrane"
"168",2,329,10098.9622938368,140026.128919813,2893.40673828125,3270.57336425781,0,"MALAT1","Cytoplasm"
"169",2,329,10071.8839246962,140097.498426649,2866.32836914062,3341.94287109375,0,"CALM2","Cytoplasm"
"170",2,329,10082.4056532118,140063.455549452,2876.85009765625,3307.89999389648,0,"B2M","Membrane"
"171",2,329,10093.3055555556,140032.030561659,2887.75,3276.47500610352,0,"TYK2","Membrane"
"172",2,329,10087.4391004774,140039.505537245,2881.88354492188,3283.94998168945,0,"LGALS1","Membrane"
"173",2,329,10093.7757703993,140055.835523817,2888.22021484375,3300.27996826172,0,"TUBB","Cytoplasm"
"174",2,329,10068.3888075087,140095.588880751,2862.83325195312,3340.03332519531,0,"SFN","Cytoplasm"
"175",2,329,10083.0721571181,140072.372205946,2877.5166015625,3316.81665039062,0,"HSPA1B","Membrane"
"176",2,329,10073.9681532118,140099.368055556,2868.41259765625,3343.8125,0,"H4C3","Cytoplasm"
"177",2,329,10082.9354383681,140048.79554579,2877.3798828125,3293.23999023438,0,"LYN","Cytoplasm"
"178",2,329,10088.1178114149,140038.205549452,2882.56225585938,3282.64999389648,0,"LGALS1","Membrane"
"179",2,329,10089.3807508681,140078.130567763,2883.8251953125,3322.57501220703,0,"HSP90AA1","Membrane"
"180",2,329,10082.7054578993,140051.605573866,2877.14990234375,3296.05001831055,0,"HSP90AA1","Cytoplasm"
"181",2,329,10088.2555067274,140073.293043349,2882.69995117188,3317.73748779297,0,"RPL22","Membrane"
"182",2,329,10072.4305555556,140098.030561659,2866.875,3342.47500610352,0,"STMN1","Cytoplasm"
"183",2,329,10094.0777723524,140084.633314345,2888.52221679688,3329.07775878906,0,"RGS5","Nuclear"
"184",2,329,10085.9698621962,140077.755537245,2880.41430664062,3322.19998168945,0,"HDAC1","Membrane"
"185",2,329,10098.7755262587,140057.955549452,2893.21997070312,3302.39999389648,0,"ITGAV","Cytoplasm"
"186",2,329,10098.3270399306,140051.726972792,2892.771484375,3296.17141723633,0,"CASR","Cytoplasm"
"187",2,329,10093.7223036024,140062.155561659,2888.16674804688,3306.60000610352,0,"TYK2","Cytoplasm"
"188",2,329,10074.6126844618,140094.555555556,2869.05712890625,3339,0,"JAG1","Membrane"
"189",2,329,10098.6412489149,140035.698408339,2893.08569335938,3280.1428527832,4,"ETS1","Membrane"
"190",2,329,10092.8307020399,140050.493055556,2887.27514648438,3294.9375,4,"HSP90AA1","Cytoplasm"
"191",2,329,10071.8841688368,140096.0698683,2866.32861328125,3340.51431274414,4,"HLA-A","Cytoplasm"
"192",2,329,10099.1056043837,140050.705549452,2893.55004882812,3295.14999389648,4,"RAMP1","Cytoplasm"
"193",2,329,10099.9054090712,140033.580549452,2894.34985351562,3278.02499389648,4,"PTGES","Membrane"
"194",2,329,10096.5055067274,140079.668043349,2890.94995117188,3324.11248779297,4,"HSP90AB1","Nuclear"
"195",2,329,10085.8753797743,140060.115553114,2880.31982421875,3304.55999755859,4,"GDF9","Membrane"
"196",2,329,10085.6356336806,140039.835554335,2880.080078125,3284.2799987793,4,"TYK2","Cytoplasm"
"197",2,329,10094.6056043837,140026.825575087,2889.05004882812,3271.27001953125,4,"BCL2L1","Membrane"
"198",2,329,10094.3888075087,140044.833326552,2888.83325195312,3289.27777099609,4,"IFITM1","Cytoplasm"
"199",2,329,10095.8556043837,140033.822248671,2890.30004882812,3278.26669311523,4,"CASP3","Cytoplasm"
"200",2,329,10091.3055555556,140091.95557997,2885.75,3336.40002441406,4,"TUBB","Nuclear"
"201",2,329,10080.3224012587,140076.422224257,2874.76684570312,3320.86666870117,4,"CLDN4","Cytoplasm"
"202",2,329,10098.2557508681,140084.322248671,2892.7001953125,3328.76669311523,4,"MT2A","Nuclear"
"203",2,329,10089.0306532118,140047.255567763,2883.47509765625,3291.70001220703,4,"HLA-B","Membrane"
"204",2,329,10096.7555067274,140042.795576308,2891.19995117188,3287.24002075195,4,"BRCA1","Cytoplasm"
"205",2,329,10088.8682996962,140030.380537245,2883.31274414062,3274.82498168945,4,"CDKN3","Membrane"
"206",2,329,10087.6270887587,140097.669843886,2882.07153320312,3342.11428833008,4,"NDRG1","Cytoplasm"
"207",2,329,10082.0155164931,140074.955549452,2876.4599609375,3319.39999389648,4,"CLOCK","Cytoplasm"
"208",2,329,10092.3353407118,140037.585584852,2886.77978515625,3282.03002929688,4,"S100A6","Cytoplasm"
"209",2,329,10097.8055555556,140074.380537245,2892.25,3318.82498168945,4,"TUBB4B","Nuclear"
"210",2,329,10089.4154188368,140070.755567763,2883.85986328125,3315.20001220703,4,"IGHM","Membrane"
"211",2,329,10090.1305067274,140076.430555556,2884.57495117188,3320.875,4,"XCL1","Membrane"
"212",2,329,10092.2179090712,140034.630567763,2886.66235351562,3279.07501220703,4,"MZT2A","Cytoplasm"
"213",2,329,10095.7955457899,140067.055555556,2890.23999023438,3311.5,4,"LCN2","Nuclear"
"214",2,329,10080.3697645399,140076.941297743,2874.81420898438,3321.3857421875,4,"GSTP1","Cytoplasm"
"215",2,329,10096.7223036024,140043.188886854,2891.16674804688,3287.63333129883,4,"MZT2A","Cytoplasm"
"216",2,329,10085.4181043837,140061.330549452,2879.86254882812,3305.77499389648,4,"IFI27","Membrane"
"217",2,329,10098.7679578993,140053.543043349,2893.21240234375,3297.98748779297,-1,"GPX1","Cytoplasm"
"218",2,329,10088.8807508681,140039.255537245,2883.3251953125,3283.69998168945,-1,"FKBP11","Membrane"
"219",2,329,10070.1695692274,140094.198408339,2864.61401367188,3338.6428527832,-1,"EIF5A","Membrane"
"220",2,329,10083.1983778212,140062.055555556,2877.64282226562,3306.5,-1,"B2M","Membrane"
"221",2,329,10094.1720106337,140031.605512831,2888.61645507812,3276.04995727539,-1,"TYK2","Membrane"
"222",2,329,10099.6410047743,140062.112684462,2894.08544921875,3306.55712890625,-1,"ATG12","Nuclear"
"223",2,329,10083.8304578993,140071.443067763,2878.27490234375,3315.88751220703,-1,"HSPA1B","Cytoplasm"
"224",2,329,10090.9696180556,140081.598432753,2885.4140625,3326.04287719727,-1,"TUBB4B","Cytoplasm"
"225",2,329,10072.4415418837,140097.827009413,2866.88598632812,3342.27145385742,-1,"STMN1","Cytoplasm"
"226",2,329,10099.3719618056,140046.305555556,2893.81640625,3290.75,-1,"ACKR4","Cytoplasm"
"227",2,329,10095.6983778212,140027.426954481,2890.14282226562,3271.87139892578,-1,"MZT2A","Membrane"
"228",2,329,10094.1754286024,140073.235548231,2888.61987304688,3317.67999267578,-1,"B2M","Nuclear"
"229",2,329,10096.6556532118,140049.215559218,2891.10009765625,3293.66000366211,-1,"IDO1","Cytoplasm"
"230",2,329,10085.1056043837,140039.638899061,2879.55004882812,3284.08334350586,-1,"HMGB2","Cytoplasm"
"231",2,329,10097.5389539931,140046.105573866,2891.9833984375,3290.55001831055,-1,"MALAT1","Cytoplasm"
"232",2,329,10095.3556043837,140076.615553114,2889.80004882812,3321.05999755859,-1,"TYK2","Nuclear"
"233",2,329,10085.6556532118,140049.205549452,2880.10009765625,3293.64999389648,-1,"LDLR","Membrane"
"234",2,329,10097.1432020399,140038.955549452,2891.58764648438,3283.39999389648,-1,"ANGPT1","Cytoplasm"
"235",2,329,10090.3055555556,140079.430555556,2884.75,3323.875,-1,"CSK","Cytoplasm"
"236",2,329,10090.1556532118,140036.215559218,2884.60009765625,3280.66000366211,-1,"MZT2A","Membrane"
"237",2,329,10088.9723036024,140044.055586073,2883.41674804688,3288.50003051758,-1,"SOX4","Membrane"
"238",2,329,10091.4957411024,140052.895551893,2885.94018554688,3297.33999633789,-1,"HLA-B","Cytoplasm"
"239",2,329,10097.1456434462,140048.12556288,2891.59008789062,3292.57000732422,-1,"IDO1","Cytoplasm"
"240",2,329,10093.0155164931,140032.555555556,2887.4599609375,3277,-1,"TYK2","Cytoplasm"
"241",2,329,10096.4754774306,140028.435560438,2890.919921875,3272.88000488281,5,"SMAD4","Membrane"
"242",2,329,10075.1856825087,140082.635572645,2869.63012695312,3327.08001708984,5,"H4C3","Cytoplasm"
"243",2,329,10098.1805555556,140042.568037245,2892.625,3287.01248168945,5,"TLR3","Cytoplasm"
"244",2,329,10088.2557508681,140056.238874647,2882.7001953125,3300.6833190918,5,"FZD5","Membrane"
"245",2,329,10099.8556043837,140035.369825575,2894.30004882812,3279.81427001953,5,"XBP1","Membrane"
"246",2,329,10088.7464735243,140054.073744032,2883.19091796875,3298.51818847656,5,"MALAT1","Membrane"
"247",2,329,10082.0955946181,140044.235548231,2876.5400390625,3288.67999267578,5,"NANOG","Cytoplasm"
"248",2,329,10097.1554090712,140046.66386244,2891.59985351562,3291.10830688477,5,"FZD7","Cytoplasm"
"249",2,329,10088.4112684462,140030.811079237,2882.85571289062,3275.25552368164,5,"CDKN3","Membrane"
"250",2,329,10097.1554090712,140038.688886854,2891.59985351562,3283.13333129883,5,"CDKN1A","Cytoplasm"
"251",2,329,10085.0057508681,140059.20557997,2879.4501953125,3303.65002441406,5,"OXGR1","Membrane"
"252",2,329,10098.4723036024,140041.338880751,2892.91674804688,3285.78332519531,5,"MALAT1","Cytoplasm"
"253",2,329,10094.6756727431,140086.475568983,2889.1201171875,3330.92001342773,5,"GPX1","Nuclear"
"254",2,329,10087.4056532118,140098.480543349,2881.85009765625,3342.92498779297,5,"NDRG1","Cytoplasm"
"255",2,329,10097.5985243056,140092.426954481,2892.04296875,3336.87139892578,5,"CALM2","Nuclear"
"256",2,329,10092.5887586806,140051.02223036,2887.033203125,3295.46667480469,5,"HSP90AA1","Cytoplasm"
"257",2,329,10087.9557020399,140054.155592177,2882.40014648438,3298.60003662109,5,"STAT6","Membrane"
"258",2,329,10088.4757215712,140078.215559218,2882.92016601562,3322.66000366211,5,"IFITM3","Membrane"
"259",2,329,10089.3158094618,140061.515577528,2883.76025390625,3305.96002197266,5,"PSAP","Membrane"
"260",2,329,10096.0355360243,140038.995557997,2890.47998046875,3283.44000244141,5,"PROKR1","Cytoplasm"
"261",2,329,10096.5555555556,140042.384138319,2891,3286.82858276367,5,"COL9A1","Cytoplasm"
"262",2,329,10097.1429578993,140064.730543349,2891.58740234375,3309.17498779297,5,"SLPI","Nuclear"
"263",2,329,10077.1805555556,140078.605543349,2871.625,3323.04998779297,5,"MZT2A","Cytoplasm"
"264",2,329,10093.8556043837,140031.47221205,2888.30004882812,3275.91665649414,5,"SMO","Membrane"
"265",2,329,10095.8355848524,140080.955549452,2890.28002929688,3325.39999389648,5,"MIF","Nuclear"
"266",2,329,10084.8980848524,140069.298414442,2879.34252929688,3313.74285888672,5,"HSP90AB1","Membrane"
"267",2,329,10097.7057020399,140074.430555556,2892.15014648438,3318.875,5,"TUBB4B","Nuclear"
"268",2,329,10074.5777723524,140089.433332655,2869.02221679688,3333.87777709961,5,"CD68","Membrane"
"269",2,329,10087.5304090712,140097.605543349,2881.97485351562,3342.04998779297,5,"NDRG1","Cytoplasm"
"270",2,329,10099.9954969618,140066.975538466,2894.43994140625,3311.41998291016,5,"H4C3","Nuclear"
"271",2,329,10096.8441297743,140087.977796766,2891.28857421875,3332.42224121094,5,"CRP","Nuclear"
"272",2,329,10097.2889539931,140066.822248671,2891.7333984375,3311.26669311523,5,"TNFRSF9","Nuclear"
"273",2,329,10096.7555067274,140079.405531141,2891.19995117188,3323.84997558594,3,"HSP90AB1","Nuclear"
"274",2,329,10085.3304578993,140041.780561659,2879.77490234375,3286.22500610352,3,"CHEK1","Membrane"
"275",2,329,10098.6305067274,140035.555555556,2893.07495117188,3280,3,"ETS1","Membrane"
"276",2,329,10092.7755262587,140034.555555556,2887.21997070312,3279,3,"MZT2A","Cytoplasm"
"277",2,329,10093.2413465712,140026.384138319,2887.68579101562,3270.82858276367,3,"MZT2A","Membrane"
"278",2,329,10088.7682020399,140092.143049452,2883.21264648438,3336.58749389648,3,"STMN1","Cytoplasm"
"279",2,329,10087.5223524306,140062.22221205,2881.966796875,3306.66665649414,3,"HLA-B","Membrane"
"280",2,329,10093.9557020399,140091.188886854,2888.40014648438,3335.63333129883,3,"EIF5A","Nuclear"
"281",2,329,10091.6444227431,140091.566663954,2886.0888671875,3336.01110839844,3,"TUBB","Nuclear"
"282",2,329,10092.5306532118,140095.705549452,2886.97509765625,3340.14999389648,3,"STAT3","Nuclear"
"283",2,329,10093.7191297743,140085.701002333,2888.16357421875,3330.14544677734,3,"PPBP","Nuclear"
"284",2,329,10089.7755262587,140063.515577528,2884.21997070312,3307.96002197266,3,"HLA-A","Cytoplasm"
"285",2,329,10089.8304578993,140076.380537245,2884.27490234375,3320.82498168945,3,"B2M","Membrane"
"286",2,329,10094.3285047743,140077.410108778,2888.77294921875,3321.85455322266,3,"VIM","Nuclear"
"287",2,329,10072.7889539931,140093.555555556,2867.2333984375,3338,3,"RPL22","Membrane"
"288",2,329,10092.6891004774,140045.97221205,2887.13354492188,3290.41665649414,3,"TYK2","Cytoplasm"
"289",2,329,10085.1053602431,140061.105512831,2879.5498046875,3305.54995727539,3,"COL6A3","Membrane"
"290",2,329,10068.1056043837,140097.730543349,2862.55004882812,3342.17498779297,3,"MIF","Cytoplasm"
"291",2,329,10088.0999891493,140076.011121962,2882.54443359375,3320.45556640625,2,"DUSP2","Membrane"
"292",2,329,10087.0223524306,140031.97221205,2881.466796875,3276.41665649414,2,"COL1A2","Cytoplasm"
"293",2,329,10097.3304578993,140044.730543349,2891.77490234375,3289.17498779297,2,"HDAC4","Cytoplasm"
"294",2,329,10087.3556043837,140080.27223036,2881.80004882812,3324.71667480469,2,"S100A4","Membrane"
"295",2,329,10072.7953016493,140093.0955641,2867.23974609375,3337.54000854492,2,"RPL22","Membrane"
"296",2,329,10088.2647840712,140072.555555556,2882.70922851562,3317,2,"CD63","Membrane"
"297",2,329,10073.1334364149,140096.433332655,2867.57788085938,3340.87777709961,2,"ALCAM","Membrane"
"298",2,329,10083.6983778212,140042.398420546,2878.14282226562,3286.84286499023,2,"CXCL5","Cytoplasm"
"299",2,329,10085.1053602431,140058.405531141,2879.5498046875,3302.84997558594,2,"CDH1","Membrane"
"300",2,329,10091.0721571181,140080.588880751,2885.5166015625,3325.03332519531,2,"RAC1","Cytoplasm"
"301",2,329,10086.7157118056,140063.855543349,2881.16015625,3308.29998779297,2,"CALM2","Membrane"
"302",2,329,10080.8128797743,140077.226972792,2875.25732421875,3321.67141723633,2,"MIF","Cytoplasm"
"303",2,329,10074.2374403212,140094.091963026,2868.68188476562,3338.5364074707,2,"CALM2","Membrane"
"304",2,329,10091.5125868056,140066.226972792,2885.95703125,3310.67141723633,2,"H4C3","Cytoplasm"
"305",2,329,10094.2223036024,140045.97221205,2888.66674804688,3290.41665649414,2,"COL18A1","Cytoplasm"
"306",2,329,10085.6056043837,140057.238905165,2880.05004882812,3301.68334960938,2,"MMP7","Membrane"
"307",2,329,10083.4557020399,140052.741285536,2877.90014648438,3297.18572998047,2,"PTGES3","Cytoplasm"
"308",2,329,10086.7411024306,140043.412702772,2881.185546875,3287.8571472168,2,"PPARD","Membrane"
"309",2,329,10088.4056532118,140047.055555556,2882.85009765625,3291.5,2,"PTGDR2","Membrane"
"310",2,329,10086.6307508681,140076.755537245,2881.0751953125,3321.19998168945,2,"H2AZ1","Membrane"
"311",2,329,10088.0355360243,140053.615553114,2882.47998046875,3298.05999755859,2,"HMGB2","Membrane"
"312",2,329,10094.3304578993,140077.230543349,2888.77490234375,3321.67498779297,2,"VIM","Nuclear"
"313",2,329,10094.1681043837,140084.380537245,2888.61254882812,3328.82498168945,2,"CD55","Nuclear"
"314",2,329,10085.4557020399,140060.391889784,2879.90014648438,3304.83633422852,2,"COL6A3","Membrane"
"315",2,329,10090.2774793837,140075.377760145,2884.72192382812,3319.82220458984,2,"B2M","Membrane"
"316",2,329,10083.1056043837,140073.580549452,2877.55004882812,3318.02499389648,2,"CALM2","Membrane"
"317",2,329,10083.3697645399,140058.912702772,2877.81420898438,3303.3571472168,2,"GPX1","Membrane"
"318",2,329,10081.1776258681,140070.811079237,2875.6220703125,3315.25552368164,2,"STMN1","Cytoplasm"
"319",2,329,10098.4056532118,140071.193067763,2892.85009765625,3315.63751220703,2,"TUBB","Nuclear"
"320",2,329,10091.8387586806,140076.455549452,2886.283203125,3320.89999389648,2,"HSP90AB1","Cytoplasm"
"321",2,329,10096.8668348524,140042.533338759,2891.31127929688,3286.97778320312,6,"STAT1","Cytoplasm"
"322",2,329,10090.2154676649,140078.175550673,2884.65991210938,3322.61999511719,6,"RPL21","Cytoplasm"
"323",2,329,10099.9334852431,140026.722181532,2894.3779296875,3271.16662597656,6,"FGF2","Cytoplasm"
"324",2,329,10091.6556532118,140093.45557997,2886.10009765625,3337.90002441406,6,"HMGB2","Nuclear"
"325",2,329,10080.9224989149,140081.422193739,2875.36694335938,3325.86663818359,6,"CALM2","Cytoplasm"
"326",2,329,10088.5555555556,140029.695539686,2883,3274.13998413086,6,"SMAD2","Membrane"
"327",2,329,10087.4806043837,140049.805525038,2881.92504882812,3294.24996948242,6,"FYN","Membrane"
"328",2,329,10090.5985243056,140099.784101698,2885.04296875,3344.22854614258,6,"CLEC10A","Cytoplasm"
"329",2,329,10086.1556532118,140038.29554579,2880.60009765625,3282.73999023438,6,"MALAT1","Membrane"
"330",2,329,10093.9332411024,140071.844465468,2888.37768554688,3316.28890991211,6,"HLA-A","Nuclear"
"331",2,329,10072.5555555556,140084.868025038,2867,3329.31246948242,6,"TUBB","Cytoplasm"
"332",2,329,10092.8556043837,140068.430555556,2887.30004882812,3312.875,6,"LGALS1","Cytoplasm"
"333",2,329,10082.4391004774,140094.72221205,2876.88354492188,3339.16665649414,6,"C1QC","Cytoplasm"
"334",2,329,10094.5555555556,140072.555555556,2889,3317,6,"SERPINA3","Nuclear"
"335",2,329,10081.9723036024,140083.14723036,2876.41674804688,3327.59167480469,6,"TUBB","Membrane"
"336",2,329,10083.2723524306,140049.72221205,2877.716796875,3294.16665649414,6,"TAP1","Cytoplasm"
"337",2,329,10093.7664930556,140064.244428847,2888.2109375,3308.68887329102,6,"COL1A2","Nuclear"
"338",2,329,10079.8221571181,140066.955549452,2874.2666015625,3311.39999389648,6,"HLA-A","Cytoplasm"
"339",2,329,10093.5985243056,140086.512739393,2888.04296875,3330.95718383789,6,"KRT8","Nuclear"
"340",2,329,10089.7555067274,140078.880567763,2884.19995117188,3323.32501220703,6,"HMGB2","Membrane"
"341",2,329,10091.6178114149,140060.718061659,2886.06225585938,3305.16250610352,6,"CD55","Cytoplasm"
"342",2,329,10085.4410536024,140065.055555556,2879.88549804688,3309.5,6,"HLA-A","Membrane"
"343",2,329,10097.2931043837,140035.493055556,2891.73754882812,3279.9375,6,"SOX4","Membrane"
"344",2,329,10085.1646864149,140087.591901991,2879.60913085938,3332.03634643555,6,"LGALS1","Cytoplasm"
"345",2,329,10079.1056043837,140067.305525038,2873.55004882812,3311.74996948242,6,"HLA-A","Cytoplasm"
"346",2,329,10074.9806043837,140082.755567763,2869.42504882812,3327.20001220703,6,"H4C3","Cytoplasm"
"347",2,329,10093.2303602431,140049.230543349,2887.6748046875,3293.67498779297,6,"FGFR2","Cytoplasm"
"348",2,329,10096.3055555556,140082.755567763,2890.75,3327.20001220703,6,"GPX1","Nuclear"
"349",2,329,10085.8353407118,140074.775587294,2880.27978515625,3319.22003173828,6,"TGFBR1","Membrane"
"350",2,329,10084.1842176649,140043.841261122,2878.62866210938,3288.28570556641,6,"SOX4","Cytoplasm"
"351",2,329,10099.2682020399,140030.630537245,2893.71264648438,3275.07498168945,6,"UBE2C","Membrane"
"352",2,329,10083.4305555556,140034.405561659,2877.875,3278.85000610352,6,"MALAT1","Cytoplasm"
"353",2,329,10091.6556532118,140071.230543349,2886.10009765625,3315.67498779297,6,"CCR2","Cytoplasm"
"354",2,329,10096.7843153212,140071.212721083,2891.22875976562,3315.65716552734,6,"RPL37","Nuclear"
"355",2,329,10098.3709852431,140081.486341688,2892.8154296875,3325.93078613281,6,"BID","Nuclear"
"356",2,329,10092.1456434462,140076.165571425,2886.59008789062,3320.61001586914,6,"EPCAM","Cytoplasm"
"357",2,329,10082.5557996962,140050.612684462,2877.00024414062,3295.05712890625,6,"TAP1","Cytoplasm"
"358",2,329,10092.1429578993,140066.393049452,2886.58740234375,3310.83749389648,6,"RPL34","Cytoplasm"
"359",2,329,10083.8270399306,140077.269849989,2878.271484375,3321.71429443359,6,"RPS4Y1","Membrane"
"360",2,329,10088.2391493056,140044.25559828,2882.68359375,3288.70004272461,6,"PDGFRA","Membrane"
"361",2,329,10096.4432508681,140029.130537245,2890.8876953125,3273.57498168945,6,"SMAD4","Membrane"
"362",2,329,10098.0306532118,140081.730543349,2892.47509765625,3326.17498779297,7,"BID","Nuclear"
"363",2,329,10088.6805555556,140036.730543349,2883.125,3281.17498779297,7,"RAC1","Membrane"
"364",2,329,10083.1429578993,140079.130567763,2877.58740234375,3323.57501220703,7,"MIF","Membrane"
"365",2,358,10040.7157555556,140099.675555556,2835.1602,3344.12,1,"ITGA5","Nuclear"
"366",2,358,10032.3270555556,140095.455555556,2826.7715,3339.9,1,"C9orf16","Nuclear"
"367",2,358,10006.8888555556,140098.538895556,2801.3333,3342.98334,1,"TUBB","Cytoplasm"
"368",2,358,10020.5553555556,140057.575515556,2814.9998,3302.01996,1,"HLA-A","Nuclear"
"369",2,358,10045.5777555556,140086.500015556,2840.0222,3330.94446,1,"SQSTM1","Nuclear"
"370",2,358,10046.0055555556,140091.805555556,2840.45,3336.25,1,"HSPB1","Nuclear"
"371",2,358,10014.8128555556,140057.769855556,2809.2573,3302.2143,1,"HSPB1","Nuclear"
"372",2,358,10020.0055555556,140088.272195556,2814.45,3332.71664,1,"CALM2","Nuclear"
"373",2,358,10043.0325555556,140097.547855556,2837.477,3341.9923,1,"MZT2A","Nuclear"
"374",2,358,10008.7442555556,140090.222185556,2803.1887,3334.66663,1,"MIF","Nuclear"
"375",2,358,10041.3558555556,140073.398415556,2835.8003,3317.84286,1,"IRF4","Nuclear"
"376",2,358,10005.0697555556,140090.526995556,2799.5142,3334.97144,1,"S100A6","Nuclear"
"377",2,358,10012.6273555556,140091.069855556,2807.0718,3335.5143,1,"RPL22","Nuclear"
"378",2,358,10004.7555555556,140096.530555556,2799.2,3340.975,1,"LGALS1","Cytoplasm"
"379",2,358,10001.7723555556,140074.972215556,2796.2168,3319.41666,1,"VIM","Nuclear"
"380",2,358,10062.2388555556,140094.088915556,2856.6833,3338.53336,1,"CALM2","Cytoplasm"
"381",2,358,10028.6055555556,140074.055555556,2823.05,3318.5,1,"MIF","Nuclear"
"382",2,358,10003.5355555556,140081.775585556,2797.98,3326.22003,1,"LGALS1","Nuclear"
"383",2,358,10002.1891004774,140088.755537245,2796.63354492188,3333.19998168945,0,"CD24","Nuclear"
"384",2,358,10007.2555067274,140098.730543349,2801.69995117188,3343.17498779297,0,"TUBB","Cytoplasm"
"385",2,358,10019.9889051649,140053.555555556,2814.43334960938,3298,0,"RARA","Nuclear"
"386",2,358,10051.7223036024,140095.322218153,2846.16674804688,3339.76666259766,0,"KRT19","Membrane"
"387",2,358,10013.5428602431,140093.593061659,2807.9873046875,3338.03750610352,0,"EOMES","Nuclear"
"388",2,358,10003.4889051649,140082.455549452,2797.93334960938,3326.89999389648,0,"LGALS1","Nuclear"
"389",2,358,10058.8431532118,140094.043043349,2853.28759765625,3338.48748779297,0,"RPL22","Cytoplasm"
"390",2,358,10033.4840223524,140068.241285536,2827.92846679688,3312.68572998047,0,"INSR","Nuclear"
"391",2,358,10009.4552137587,140090.855573866,2803.89965820312,3335.30001831055,0,"GPX1","Nuclear"
"392",2,358,10039.5555555556,140088.535536024,2834,3332.97998046875,0,"SPRY2","Nuclear"
"393",2,358,10059.5020887587,140089.482252333,2853.94653320312,3333.92669677734,0,"H4C3","Cytoplasm"
"394",2,358,10035.8446180556,140088.233350966,2830.2890625,3332.67779541016,0,"STMN1","Nuclear"
"395",2,358,10036.9981825087,140094.184126112,2831.44262695312,3338.62857055664,0,"SOX4","Nuclear"
"396",2,358,10008.7157118056,140094.615553114,2803.16015625,3339.05999755859,0,"S100A2","Nuclear"
"397",2,358,10021.8888075087,140088.166670058,2816.33325195312,3332.61111450195,0,"RPL32","Nuclear"
"398",2,358,10021.1156141493,140087.255567763,2815.56005859375,3331.70001220703,0,"GSTP1","Nuclear"
"399",2,358,10019.9554578993,140066.235548231,2814.39990234375,3310.67999267578,0,"CASP8","Nuclear"
"400",2,358,10007.2889539931,140089.188886854,2801.7333984375,3333.63333129883,0,"H2AZ1","Nuclear"
"401",2,358,10010.6956922743,140064.055555556,2805.14013671875,3308.5,0,"PTGDR2","Nuclear"
"402",2,358,10033.6839735243,140083.155561659,2828.12841796875,3327.60000610352,0,"HSP90AB1","Nuclear"
"403",2,358,10033.8055555556,140072.880567763,2828.25,3317.32501220703,4,"VIM","Nuclear"
"404",2,358,10056.9889051649,140087.922224257,2851.43334960938,3332.36666870117,4,"STMN1","Membrane"
"405",2,358,10054.4557020399,140090.441267225,2848.90014648438,3334.88571166992,4,"HSPA1A","Membrane"
"406",2,358,10000.7054578993,140072.480543349,2795.14990234375,3316.92498779297,4,"NFKBIA","Nuclear"
"407",2,358,10032.7755262587,140075.595533583,2827.21997070312,3320.03997802734,4,"VIM","Nuclear"
"408",2,358,10050.7555067274,140085.880567763,2845.19995117188,3330.32501220703,4,"S100A4","Nuclear"
"409",2,358,10056.6720106337,140092.52223036,2851.11645507812,3336.96667480469,4,"SEC61G","Cytoplasm"
"410",2,358,10003.2057020399,140086.830549452,2797.65014648438,3331.27499389648,4,"VIM","Nuclear"
"411",2,358,10047.0306532118,140094.230543349,2841.47509765625,3338.67498779297,4,"GSTP1","Nuclear"
"412",2,358,10033.3390028212,140074.405531141,2827.78344726562,3318.84997558594,4,"VIM","Nuclear"
"413",2,358,10044.8475477431,140094.788892958,2839.2919921875,3339.23333740234,4,"IGF2R","Nuclear"
"414",2,358,10049.6373426649,140088.937360975,2844.08178710938,3333.38180541992,4,"MIF","Nuclear"
"415",2,358,10058.6412489149,140094.155592177,2853.08569335938,3338.60003662109,4,"SOD1","Cytoplasm"
"416",2,358,10016.1700575087,140094.184126112,2810.61450195312,3338.62857055664,-1,"MYC","Nuclear"
"417",2,358,10015.9356825087,140067.555555556,2810.38012695312,3312,-1,"CXCL10","Nuclear"
"418",2,358,10020.8128797743,140091.041242811,2815.25732421875,3335.48568725586,-1,"UBE2C","Nuclear"
"419",2,358,10025.9410536024,140071.812696669,2820.38549804688,3316.25714111328,-1,"IFITM3","Nuclear"
"420",2,358,10019.9271375868,140066.212690565,2814.37158203125,3310.65713500977,-1,"CASP8","Nuclear"
"421",2,358,10024.0306532118,140098.655561659,2818.47509765625,3343.10000610352,-1,"MZT2A","Nuclear"
"422",2,358,10026.9930555556,140055.355573866,2821.4375,3299.80001831055,-1,"TYK2","Nuclear"
"423",2,358,10036.9557020399,140094.105543349,2831.40014648438,3338.54998779297,-1,"SOX4","Nuclear"
"424",2,358,10025.3412000868,140073.398390028,2819.78564453125,3317.84283447266,-1,"S100A6","Nuclear"
"425",2,358,10040.0953504774,140070.155561659,2834.53979492188,3314.60000610352,-1,"SOX4","Nuclear"
"426",2,358,10027.3055555556,140073.822218153,2821.75,3318.26666259766,-1,"CALM2","Nuclear"
"427",2,358,10051.5055067274,140083.822218153,2845.94995117188,3328.26666259766,-1,"TYK2","Nuclear"
"428",2,358,10026.9056532118,140078.818037245,2821.35009765625,3323.26248168945,-1,"HSP90AA1","Nuclear"
"429",2,358,10039.9696180556,140078.012678358,2834.4140625,3322.45712280273,-1,"STAT6","Nuclear"
"430",2,358,10035.8055555556,140088.543043349,2830.25,3332.98748779297,-1,"STMN1","Nuclear"
"431",2,358,10021.4156629774,140086.87556288,2815.86010742188,3331.32000732422,-1,"GSTP1","Nuclear"
"432",2,358,10011.9554578993,140089.905561659,2806.39990234375,3334.35000610352,-1,"H4C3","Nuclear"
"433",2,358,10010.7699110243,140064.269849989,2805.21435546875,3308.71429443359,-1,"PTGDR2","Nuclear"
"434",2,358,10053.2157118056,140088.035566542,2847.66015625,3332.48001098633,5,"TGFB3","Membrane"
"435",2,358,10043.2413465712,140083.512678358,2837.68579101562,3327.95712280273,5,"RPL21","Nuclear"
"436",2,358,10040.5443250868,140095.777784559,2834.98876953125,3340.22222900391,5,"CXCL12","Nuclear"
"437",2,358,10001.2679578993,140067.730543349,2795.71240234375,3312.17498779297,5,"H4C3","Nuclear"
"438",2,358,10055.4054090712,140095.130567763,2849.84985351562,3339.57501220703,5,"S100A6","Cytoplasm"
"439",2,358,10053.9386121962,140087.622205946,2848.38305664062,3332.06665039062,5,"MZT2A","Membrane"
"440",2,358,10002.8556043837,140099.305555556,2797.30004882812,3343.75,5,"CD33","Cytoplasm"
"441",2,358,10045.1356336806,140094.735548231,2839.580078125,3339.17999267578,5,"IGF2R","Nuclear"
"442",2,358,10019.8807508681,140098.605543349,2814.3251953125,3343.04998779297,3,"SMAD2","Nuclear"
"443",2,358,10050.3111707899,140098.255537245,2844.75561523438,3342.69998168945,3,"ADIPOQ","Membrane"
"444",2,358,10051.6554090712,140095.526991102,2846.09985351562,3339.97143554688,3,"STMN1","Membrane"
"445",2,358,10038.7057020399,140092.093061659,2833.15014648438,3336.53750610352,3,"MIF","Nuclear"
"446",2,358,10003.0387098524,140073.730573866,2797.48315429688,3318.17501831055,3,"SMARCB1","Nuclear"
"447",2,358,10037.6334364149,140093.377760145,2832.07788085938,3337.82220458984,3,"PTTG1","Nuclear"
"448",2,358,10001.1803114149,140073.605573866,2795.62475585938,3318.05001831055,3,"RPL21","Nuclear"
"449",2,358,10061.4391004774,140090.872205946,2855.88354492188,3335.31665039062,3,"SEC61G","Cytoplasm"
"450",2,358,10057.3753797743,140087.345533583,2851.81982421875,3331.78997802734,3,"HLA-B","Membrane"
"451",2,358,10040.6219618056,140089.572218153,2835.06640625,3334.01666259766,3,"RPL32","Nuclear"
"452",2,358,10012.1556532118,140055.930555556,2806.60009765625,3300.375,3,"RPL37","Nuclear"
"453",2,358,10003.9156629774,140082.135542128,2798.36010742188,3326.57998657227,3,"H2AZ1","Nuclear"
"454",2,358,10060.9557020399,140095.005567763,2855.40014648438,3339.45001220703,3,"HSP90AA1","Cytoplasm"
"455",2,358,10058.6666395399,140094.133344862,2853.11108398438,3338.57778930664,3,"SOD1","Cytoplasm"
"456",2,358,10059.0555555556,140088.698408339,2853.5,3333.1428527832,3,"RAC1","Cytoplasm"
"457",2,358,10003.6053602431,140082.83057997,2798.0498046875,3327.27502441406,3,"H2AZ1","Nuclear"
"458",2,358,10018.1270887587,140051.34129164,2812.57153320312,3295.78573608398,3,"NCR1","Nuclear"
"459",2,358,10052.2057020399,140084.27223036,2846.65014648438,3328.71667480469,3,"CD44","Nuclear"
"460",2,358,10038.4779188368,140069.166700575,2832.92236328125,3313.61114501953,3,"IL12A","Nuclear"
"461",2,358,10046.5680067274,140093.980573866,2841.01245117188,3338.42501831055,3,"GSTP1","Nuclear"
"462",2,358,10028.2303602431,140069.055555556,2822.6748046875,3313.5,3,"RELA","Nuclear"
"463",2,358,10050.8182508681,140091.643049452,2845.2626953125,3336.08749389648,2,"TNFRSF14","Nuclear"
"464",2,358,10043.4430067274,140087.593061659,2837.88745117188,3332.03750610352,2,"HSPA1B","Nuclear"
"465",2,358,10052.3953993056,140098.425550673,2846.83984375,3342.86999511719,2,"LGALS1","Membrane"
"466",2,358,10060.8753797743,140094.935560438,2855.31982421875,3339.38000488281,2,"HSP90AA1","Cytoplasm"
"467",2,358,10012.9557020399,140054.055555556,2807.40014648438,3298.5,2,"RPL37","Nuclear"
"468",2,358,10041.6554090712,140073.155531141,2836.09985351562,3317.59997558594,2,"IRF4","Nuclear"
"469",2,358,10011.8055555556,140097.912702772,2806.25,3342.3571472168,2,"KRT7","Nuclear"
"470",2,358,10004.7555067274,140096.95557997,2799.19995117188,3341.40002441406,2,"LGALS1","Cytoplasm"
"471",2,358,10007.6556532118,140092.530561659,2802.10009765625,3336.97500610352,2,"FABP5","Nuclear"
"472",2,358,10040.9984266493,140074.098432753,2835.44287109375,3318.54287719727,2,"IRF4","Nuclear"
"473",2,358,10004.9891493056,140088.305555556,2799.43359375,3332.75,2,"HMGB2","Nuclear"
"474",2,358,10051.1556532118,140097.955549452,2845.60009765625,3342.39999389648,2,"PTGES3","Membrane"
"475",2,358,10018.2806532118,140085.880537245,2812.72509765625,3330.32498168945,2,"EZH2","Nuclear"
"476",2,358,10038.2057020399,140069.655531141,2832.65014648438,3314.09997558594,2,"IL12A","Nuclear"
"477",2,358,10041.8805067274,140085.805555556,2836.32495117188,3330.25,2,"HSP90AA1","Nuclear"
"478",2,358,10019.4305555556,140089.030531141,2813.875,3333.47497558594,2,"CALM2","Nuclear"
"479",2,358,10004.1219618056,140059.28886244,2798.56640625,3303.73330688477,2,"MZT2A","Nuclear"
"480",2,358,10050.0431043837,140097.805555556,2844.48754882812,3342.25,2,"ADIPOQ","Membrane"
"481",2,358,10042.8932020399,140098.105543349,2837.33764648438,3342.54998779297,2,"ERBB3","Nuclear"
"482",2,358,10004.9889051649,140090.922224257,2799.43334960938,3335.36666870117,2,"S100A6","Nuclear"
"483",2,358,10055.4220106337,140084.788892958,2849.86645507812,3329.23333740234,6,"HMGB2","Membrane"
"484",2,358,10053.3827039931,140096.328291151,2847.8271484375,3340.7727355957,6,"FGF9","Membrane"
"485",2,358,10001.4305555556,140088.255567763,2795.875,3332.70001220703,6,"TNFSF9","Nuclear"
"486",2,358,10044.5955946181,140082.155561659,2839.0400390625,3326.60000610352,6,"EIF5A","Nuclear"
"487",2,358,10001.1156141493,140088.955549452,2795.56005859375,3333.39999389648,6,"TNFSF9","Nuclear"
"488",2,358,10046.8680555556,140086.730573866,2841.3125,3331.17501831055,6,"GSTP1","Nuclear"
"489",2,358,10046.4410536024,140087.398390028,2840.88549804688,3331.84283447266,6,"GSTP1","Nuclear"
"490",2,382,10051.7555555556,140040.615555556,2846.2,3285.06,1,"IER3","Nuclear"
"491",2,382,10064.1956555556,140070.375555556,2858.6401,3314.82,1,"NOD2","Nuclear"
"492",2,382,10059.6555555556,140041.655555556,2854.1,3286.1,1,"FLT1","Nuclear"
"493",2,382,10061.9305555556,140017.830555556,2856.375,3262.275,1,"TNFRSF14","Cytoplasm"
"494",2,382,10043.6805555556,140030.730555556,2838.125,3275.175,1,"RPL22","Nuclear"
"495",2,382,10044.4722555556,140058.155555556,2838.9167,3302.6,1,"HCK","Nuclear"
"496",2,382,10060.9054555556,140013.105515556,2855.3499,3257.54996,1,"EPHB4","Nuclear"
"497",2,382,10064.2056555556,140082.143075556,2858.6501,3326.58752,1,"H4C3","Cytoplasm"
"498",2,382,10062.3555555556,140064.175585556,2856.8,3308.62003,1,"MALAT1","Nuclear"
"499",2,382,10071.3553555556,140017.755555556,2865.7998,3262.2,1,"ACKR4","Membrane"
"500",2,382,10021.9155555556,140040.295555556,2816.36,3284.74,1,"ADORA2A","Nuclear"
"501",2,382,10064.1956555556,140052.615555556,2858.6401,3297.06,1,"NPPB","Nuclear"
"502",2,382,10069.1720555556,140062.422225556,2863.6165,3306.86667,1,"HLA-B","Nuclear"
"503",2,382,10069.1956555556,140038.995555556,2863.6401,3283.44,1,"IGKC","Nuclear"
"504",2,382,10042.1805555556,140060.930555556,2836.625,3305.375,1,"ANGPTL1","Nuclear"
"505",2,382,10047.9803555556,140076.380535556,2842.4248,3320.82498,1,"MT2A","Nuclear"
"506",2,382,10075.6554555556,140040.155555556,2870.0999,3284.6,1,"EPHB3","Cytoplasm"
"507",2,382,10059.6305555556,140063.868055556,2854.075,3308.3125,1,"CD63","Nuclear"
"508",2,382,10083.3153555556,140029.955555556,2877.7598,3274.4,1,"LTBR","Cytoplasm"
"509",2,382,10080.9759555556,140056.935555556,2875.4204,3301.38,1,"HLA-A","Cytoplasm"
"510",2,382,10066.0455555556,140064.915555556,2860.49,3309.36,1,"C1QB","Nuclear"
"511",2,382,10064.7388555556,140018.588885556,2859.1833,3263.03333,1,"MALAT1","Cytoplasm"
"512",2,382,10079.7222555556,140056.605575556,2874.1667,3301.05002,1,"TOP2A","Cytoplasm"
"513",2,382,10073.7305555556,140055.855555556,2868.175,3300.3,1,"HLA-A","Nuclear"
"514",2,382,10062.4155555556,140008.535595556,2856.86,3252.98004,1,"TNFRSF12A","Nuclear"
"515",2,382,10077.4891555556,140059.138895556,2871.9336,3303.58334,1,"HLA-C","Cytoplasm"
"516",2,382,10071.9803555556,140067.993055556,2866.4248,3312.4375,1,"RGS1","Cytoplasm"
"517",2,382,10062.0955555556,140018.955555556,2856.54,3263.4,1,"TNFRSF14","Cytoplasm"
"518",2,382,10042.5411555556,140059.541255556,2836.9856,3303.9857,1,"LGALS1","Nuclear"
"519",2,382,10064.5055555556,140015.455555556,2858.95,3259.9,1,"CD34","Cytoplasm"
"520",2,382,10044.0191555556,140059.037355556,2838.4636,3303.4818,1,"HCK","Nuclear"
"521",2,382,10069.3001844618,140062.111097548,2863.74462890625,3306.55554199219,0,"HLA-B","Nuclear"
"522",2,382,10080.1724989149,140055.605573866,2874.61694335938,3300.05001831055,0,"TOP2A","Cytoplasm"
"523",2,382,10066.5555555556,140018.780561659,2861,3263.22500610352,0,"MZT2A","Cytoplasm"
"524",2,382,10070.3805067274,140058.818067763,2864.82495117188,3303.26251220703,0,"B2M","Nuclear"
"525",2,382,10067.9305555556,140030.705549452,2862.375,3275.14999389648,0,"HLA-A","Nuclear"
"526",2,382,10051.2721082899,140062.588880751,2845.71655273438,3307.03332519531,0,"TYK2","Nuclear"
"527",2,382,10073.2889539931,140079.338880751,2867.7333984375,3323.78332519531,0,"CD74","Cytoplasm"
"528",2,382,10033.0982801649,140026.926984999,2827.54272460938,3271.37142944336,0,"PTGES2","Nuclear"
"529",2,382,10075.5355360243,140040.775556776,2869.97998046875,3285.2200012207,0,"RGCC","Cytoplasm"
"530",2,382,10069.7389051649,140039.688886854,2864.18334960938,3284.13333129883,0,"VHL","Nuclear"
"531",2,382,10077.4056532118,140066.155531141,2871.85009765625,3310.59997558594,0,"HSPA1A","Cytoplasm"
"532",2,382,10068.3807508681,140029.905592177,2862.8251953125,3274.35003662109,0,"HLA-A","Nuclear"
"533",2,382,10071.4268934462,140037.841261122,2865.87133789062,3282.28570556641,0,"VHL","Nuclear"
"534",2,382,10059.9554578993,140015.255567763,2854.39990234375,3259.70001220703,0,"FABP5","Cytoplasm"
"535",2,382,10054.0387098524,140024.27223036,2848.48315429688,3268.71667480469,0,"CELSR2","Nuclear"
"536",2,382,10058.3953993056,140070.035536024,2852.83984375,3314.47998046875,0,"IL32","Nuclear"
"537",2,382,10071.2855360243,140026.285536024,2865.72998046875,3270.72998046875,0,"CASP3","Cytoplasm"
"538",2,382,10073.9156629774,140048.715559218,2868.36010742188,3293.16000366211,0,"HLA-B","Nuclear"
"539",2,382,10072.1222059462,140014.822248671,2866.56665039062,3259.26669311523,0,"TGFBR2","Cytoplasm"
"540",2,382,10081.0804578993,140055.755537245,2875.52490234375,3300.19998168945,0,"HLA-A","Cytoplasm"
"541",2,382,10041.7357313368,140023.135572645,2836.18017578125,3267.58001708984,0,"KRT13","Nuclear"
"542",2,382,10056.8141004774,140070.413892958,2851.25854492188,3314.85833740234,0,"HLA-DRB1","Nuclear"
"543",2,382,10046.2667371962,140058.000013563,2840.71118164062,3302.44445800781,0,"IL1R1","Nuclear"
"544",2,382,10067.1556532118,140012.475568983,2861.60009765625,3256.92001342773,0,"S100A6","Cytoplasm"
"545",2,382,10074.3558485243,140053.355543349,2868.80029296875,3297.79998779297,4,"COL1A2","Nuclear"
"546",2,382,10070.1305067274,140027.380537245,2864.57495117188,3271.82498168945,4,"MMP7","Cytoplasm"
"547",2,382,10067.1556532118,140034.595533583,2861.60009765625,3279.03997802734,4,"ITGAV","Nuclear"
"548",2,382,10071.6334364149,140024.611097548,2866.07788085938,3269.05554199219,4,"TNFRSF1A","Cytoplasm"
"549",2,382,10070.8722059462,140027.72221205,2865.31665039062,3272.16665649414,4,"MMP7","Cytoplasm"
"550",2,382,10037.7955457899,140019.615553114,2832.23999023438,3264.05999755859,4,"CCR1","Nuclear"
"551",2,382,10064.3355848524,140018.455518934,2858.78002929688,3262.89996337891,4,"COL5A2","Cytoplasm"
"552",2,382,10070.6156141493,140033.755567763,2865.06005859375,3278.20001220703,4,"MIF","Nuclear"
"553",2,382,10064.0555555556,140083.755537245,2858.5,3328.19998168945,4,"LGALS1","Cytoplasm"
"554",2,382,10063.6754286024,140085.555555556,2858.11987304688,3330,4,"CLCF1","Cytoplasm"
"555",2,382,10040.0555555556,140062.905531141,2834.5,3307.34997558594,4,"SLPI","Nuclear"
"556",2,382,10067.0929090712,140028.443037245,2861.53735351562,3272.88748168945,4,"HSP90AA1","Nuclear"
"557",2,382,10067.1776258681,140085.277815077,2861.6220703125,3329.72225952148,4,"RPL21","Cytoplasm"
"558",2,382,10061.9557020399,140080.555555556,2856.40014648438,3325,4,"RPL21","Membrane"
"559",2,382,10063.2154676649,140011.455549452,2857.65991210938,3255.89999389648,4,"CD47","Nuclear"
"560",2,382,10071.6986219618,140054.384138319,2866.14306640625,3298.82858276367,4,"EFNB2","Nuclear"
"561",2,382,10072.5355360243,140034.755567763,2866.97998046875,3279.20001220703,4,"PTTG1","Nuclear"
"562",2,382,10063.6556532118,140042.195539686,2858.10009765625,3286.63998413086,4,"EPHB3","Nuclear"
"563",2,382,10037.3888075087,140020.655561659,2831.83325195312,3265.10000610352,4,"CCR1","Nuclear"
"564",2,382,10076.1556532118,140041.5698683,2870.60009765625,3286.01431274414,4,"MTOR","Cytoplasm"
"565",2,382,10069.4430067274,140013.943037245,2863.88745117188,3258.38748168945,4,"TGFBR2","Cytoplasm"
"566",2,382,10071.4430067274,140035.943067763,2865.88745117188,3280.38751220703,4,"HSP90AB1","Nuclear"
"567",2,382,10070.8556043837,140054.941267225,2865.30004882812,3299.38571166992,4,"EFNB2","Nuclear"
"568",2,382,10048.8387586806,140026.50559828,2843.283203125,3270.95004272461,4,"RPL37","Nuclear"
"569",2,382,10032.8155653212,140035.335554335,2827.26000976562,3279.7799987793,4,"HSP90AA1","Nuclear"
"570",2,382,10049.5755750868,140077.975568983,2844.02001953125,3322.42001342773,4,"ITGB5","Nuclear"
"571",2,382,10079.1556532118,140028.075575087,2873.60009765625,3272.52001953125,4,"COL9A2","Cytoplasm"
"572",2,382,10071.5306532118,140073.355543349,2865.97509765625,3317.79998779297,4,"PTGES3","Cytoplasm"
"573",2,382,10043.5355360243,140027.835584852,2837.97998046875,3272.28002929688,4,"MAML2","Nuclear"
"574",2,382,10060.5055067274,140019.505537245,2854.94995117188,3263.94998168945,4,"CD63","Cytoplasm"
"575",2,382,10075.0985243056,140037.112714979,2869.54296875,3281.55715942383,4,"COL9A2","Cytoplasm"
"576",2,382,10069.7284071181,140028.819196913,2864.1728515625,3273.26364135742,4,"CSF1","Cytoplasm"
"577",2,382,10079.0955946181,140033.695570204,2873.5400390625,3278.14001464844,4,"COL6A1","Cytoplasm"
"578",2,382,10075.5055067274,140048.938856337,2869.94995117188,3293.38330078125,4,"CTNNB1","Nuclear"
"579",2,382,10050.0157606337,140020.195570204,2844.46020507812,3264.64001464844,4,"BECN1","Nuclear"
"580",2,382,10065.5389539931,140014.922224257,2859.9833984375,3259.36666870117,4,"NEAT1","Cytoplasm"
"581",2,382,10054.9803602431,140025.380537245,2849.4248046875,3269.82498168945,4,"LGALS1","Nuclear"
"582",2,382,10055.2057020399,140068.83057997,2849.65014648438,3313.27502441406,4,"COL27A1","Nuclear"
"583",2,382,10073.9127332899,140056.026960585,2868.35717773438,3300.4714050293,4,"LGALS1","Nuclear"
"584",2,382,10069.6556532118,140013.7155287,2864.10009765625,3258.15997314453,4,"TYK2","Cytoplasm"
"585",2,382,10052.7984754774,140025.555586073,2847.24291992188,3270.00003051758,4,"HLA-C","Nuclear"
"586",2,382,10029.3155653212,140029.535566542,2823.76000976562,3273.98001098633,4,"MIF","Nuclear"
"587",2,382,10040.9845106337,140018.198408339,2835.42895507812,3262.6428527832,4,"ARF1","Nuclear"
"588",2,382,10039.0843641493,140064.227003309,2833.52880859375,3308.67144775391,4,"SLPI","Nuclear"
"589",2,382,10058.3807508681,140069.718061659,2852.8251953125,3314.16250610352,-1,"IL32","Nuclear"
"590",2,382,10073.3756239149,140079.195539686,2867.82006835938,3323.63998413086,-1,"CD74","Cytoplasm"
"591",2,382,10069.3553602431,140080.072248671,2863.7998046875,3324.51669311523,-1,"IGFBP5","Cytoplasm"
"592",2,382,10053.5155164931,140075.695570204,2847.9599609375,3320.14001464844,-1,"KITLG","Nuclear"
"593",2,382,10076.4305555556,140039.380567763,2870.875,3283.82501220703,-1,"RGCC","Cytoplasm"
"594",2,382,10064.6554090712,140029.655561659,2859.09985351562,3274.10000610352,-1,"MALAT1","Nuclear"
"595",2,382,10076.7755262587,140020.755537245,2871.21997070312,3265.19998168945,-1,"WNT7A","Membrane"
"596",2,382,10046.6839735243,140009.712721083,2841.12841796875,3254.15716552734,-1,"TYK2","Nuclear"
"597",2,382,10074.8158094618,140018.715559218,2869.26025390625,3263.16000366211,-1,"PTTG1","Membrane"
"598",2,382,10039.8553602431,140066.45557997,2834.2998046875,3310.90002441406,-1,"BMP2","Nuclear"
"599",2,382,10071.9723036024,140018.47221205,2866.41674804688,3262.91665649414,-1,"CXCL14","Membrane"
"600",2,382,10077.2223036024,140036.788923475,2871.66674804688,3281.23336791992,-1,"RXRB","Cytoplasm"
"601",2,382,10034.0355360243,140054.515577528,2828.47998046875,3298.96002197266,-1,"FGR","Nuclear"
"602",2,382,10080.9696180556,140042.669843886,2875.4140625,3287.11428833008,-1,"MALAT1","Cytoplasm"
"603",2,382,10054.8126356337,140010.341261122,2849.25708007812,3254.78570556641,-1,"CCL4L2","Nuclear"
"604",2,382,10066.8953993056,140013.655592177,2861.33984375,3258.10003662109,-1,"RAC1","Cytoplasm"
"605",2,382,10071.3055555556,140078.730543349,2865.75,3323.17498779297,-1,"VIM","Cytoplasm"
"606",2,382,10053.5557996962,140032.08057997,2848.00024414062,3276.52502441406,-1,"S100P","Nuclear"
"607",2,382,10067.7557508681,140028.180586073,2862.2001953125,3272.62503051758,-1,"CXCR6","Nuclear"
"608",2,382,10066.3888075087,140014.622205946,2860.83325195312,3259.06665039062,-1,"RAC1","Cytoplasm"
"609",2,382,10072.1126844618,140024.412702772,2866.55712890625,3268.8571472168,-1,"HDAC4","Cytoplasm"
"610",2,382,10072.6156141493,140017.275587294,2867.06005859375,3261.72003173828,-1,"CXCL14","Membrane"
"611",2,382,10067.5057508681,140022.322248671,2861.9501953125,3266.76669311523,-1,"MALAT1","Cytoplasm"
"612",2,382,10054.7357313368,140035.675550673,2849.18017578125,3280.11999511719,-1,"HLA-B","Nuclear"
"613",2,382,10066.9840223524,140012.212690565,2861.42846679688,3256.65713500977,-1,"S100A6","Cytoplasm"
"614",2,382,10075.5804578993,140041.130537245,2870.02490234375,3285.57498168945,-1,"RGCC","Cytoplasm"
"615",2,382,10070.3888075087,140038.805555556,2864.83325195312,3283.25,-1,"MECOM","Nuclear"
"616",2,382,10069.2552625868,140024.898420546,2863.69970703125,3269.34286499023,5,"MALAT1","Cytoplasm"
"617",2,382,10067.3678114149,140082.243055556,2861.81225585938,3326.6875,5,"GSTP1","Cytoplasm"
"618",2,382,10078.5223524306,140053.688886854,2872.966796875,3298.13333129883,5,"HMGB2","Nuclear"
"619",2,382,10062.8556043837,140060.295576308,2857.30004882812,3304.74002075195,5,"GDF9","Nuclear"
"620",2,382,10071.8412000868,140045.341261122,2866.28564453125,3289.78570556641,5,"MALAT1","Nuclear"
"621",2,382,10047.4808485243,140009.793043349,2841.92529296875,3254.23748779297,5,"HSP90AB1","Nuclear"
"622",2,382,10074.5306532118,140055.680555556,2868.97509765625,3300.125,5,"LGALS1","Nuclear"
"623",2,382,10069.8807508681,140013.080549452,2864.3251953125,3257.52499389648,5,"TYK2","Cytoplasm"
"624",2,382,10053.8155653212,140028.635572645,2848.26000976562,3273.08001708984,5,"H4C3","Nuclear"
"625",2,382,10072.1258680556,140031.865522597,2866.5703125,3276.30996704102,5,"EPHB4","Cytoplasm"
"626",2,382,10076.9442274306,140057.199995253,2871.388671875,3301.64443969727,5,"SRC","Nuclear"
"627",2,382,10073.4930555556,140016.818037245,2867.9375,3261.26248168945,5,"RPL21","Cytoplasm"
"628",2,382,10049.8980848524,140020.327009413,2844.34252929688,3264.77145385742,5,"BECN1","Nuclear"
"629",2,382,10063.6273328993,140057.026960585,2858.07177734375,3301.4714050293,5,"TUBB","Nuclear"
"630",2,382,10056.9889051649,140020.47221205,2851.43334960938,3264.91665649414,5,"HLA-A","Nuclear"
"631",2,382,10064.0555555556,140017.055555556,2858.5,3261.5,5,"CYTOR","Cytoplasm"
"632",2,382,10044.6891004774,140020.088880751,2839.13354492188,3264.53332519531,5,"YES1","Nuclear"
"633",2,382,10063.9056532118,140011.805555556,2858.35009765625,3256.25,5,"RPL22","Nuclear"
"634",2,382,10058.1556532118,140033.305555556,2852.60009765625,3277.75,5,"MALAT1","Nuclear"
"635",2,382,10069.8646375868,140081.928297255,2864.30908203125,3326.37274169922,5,"TYK2","Cytoplasm"
"636",2,382,10082.9356825087,140034.675550673,2877.38012695312,3279.11999511719,5,"MALAT1","Cytoplasm"
"637",2,382,10063.7999403212,140019.677747938,2858.24438476562,3264.12219238281,5,"COL5A2","Cytoplasm"
"638",2,382,10077.4954969618,140050.975538466,2871.93994140625,3295.41998291016,5,"EFNA4","Nuclear"
"639",2,382,10060.4410536024,140053.269849989,2854.88549804688,3297.71429443359,5,"CIDEA","Nuclear"
"640",2,382,10074.5128309462,140037.712721083,2868.95727539062,3282.15716552734,5,"COL9A2","Cytoplasm"
"641",2,382,10062.3719618056,140062.622236464,2856.81640625,3307.0666809082,5,"B2M","Nuclear"
"642",2,382,10083.7303602431,140030.755537245,2878.1748046875,3275.19998168945,5,"AZU1","Cytoplasm"
"643",2,382,10072.9557020399,140074.568037245,2867.40014648438,3319.01248168945,5,"DDIT3","Cytoplasm"
"644",2,382,10052.3553602431,140037.455549452,2846.7998046875,3281.89999389648,5,"H4C3","Nuclear"
"645",2,382,10072.4666883681,140080.833326552,2866.9111328125,3325.27777099609,5,"PTGES3","Cytoplasm"
"646",2,382,10077.3722059462,140070.872205946,2871.81665039062,3315.31665039062,5,"MIF","Cytoplasm"
"647",2,382,10035.6954481337,140022.715559218,2830.13989257812,3267.16000366211,5,"SAA1","Nuclear"
"648",2,382,10068.3700086806,140062.012678358,2862.814453125,3306.45712280273,5,"EGFR","Nuclear"
"649",2,382,10044.9557020399,140036.343061659,2839.40014648438,3280.78750610352,5,"SAA2","Nuclear"
"650",2,382,10060.1886121962,140038.305555556,2854.63305664062,3282.75,5,"CCL11","Nuclear"
"651",2,382,10071.9806043837,140036.51807997,2866.42504882812,3280.96252441406,5,"MZT2A","Nuclear"
"652",2,382,10051.7555067274,140019.555555556,2846.19995117188,3264,5,"PTGES3","Nuclear"
"653",2,382,10045.2755262587,140057.415540907,2839.71997070312,3301.85998535156,5,"HLA-A","Nuclear"
"654",2,382,10053.4415418837,140029.341261122,2847.88598632812,3273.78570556641,5,"H4C3","Nuclear"
"655",2,382,10074.0057508681,140078.438886854,2868.4501953125,3322.88333129883,5,"VIM","Cytoplasm"
"656",2,382,10077.5304090712,140060.855543349,2871.97485351562,3305.29998779297,5,"CCL18","Cytoplasm"
"657",2,382,10078.1053602431,140034.568067763,2872.5498046875,3279.01251220703,5,"S100A9","Cytoplasm"
"658",2,382,10076.5555555556,140040.938886854,2871,3285.38333129883,3,"MTOR","Cytoplasm"
"659",2,382,10043.1556532118,140027.555555556,2837.60009765625,3272,3,"KRAS","Nuclear"
"660",2,382,10061.9354383681,140035.435529921,2856.3798828125,3279.87997436523,3,"IGHG2","Nuclear"
"661",2,382,10064.2181532118,140015.330549452,2858.66259765625,3259.77499389648,3,"PTGES3","Cytoplasm"
"662",2,382,10067.3333875868,140084.877790663,2861.77783203125,3329.32223510742,3,"RPL21","Cytoplasm"
"663",2,382,10076.8929578993,140023.480573866,2871.33740234375,3267.92501831055,3,"TIE1","Cytoplasm"
"664",2,382,10070.3892957899,140028.138899061,2864.83374023438,3272.58334350586,3,"FGF12","Cytoplasm"
"665",2,382,10065.5724012587,140014.20557997,2860.01684570312,3258.65002441406,3,"NEAT1","Cytoplasm"
"666",2,382,10056.3355848524,140017.455549452,2850.78002929688,3261.89999389648,3,"TYK2","Nuclear"
"667",2,382,10050.4356825087,140019.495557997,2844.88012695312,3263.94000244141,3,"H4C3","Nuclear"
"668",2,382,10063.2555067274,140029.941297743,2857.69995117188,3274.3857421875,3,"FN1","Nuclear"
"669",2,382,10052.2552625868,140045.405531141,2846.69970703125,3289.84997558594,3,"IGF1","Nuclear"
"670",2,382,10048.1056043837,140032.505537245,2842.55004882812,3276.94998168945,3,"IL12B","Nuclear"
"671",2,382,10078.8556043837,140038.338911268,2873.30004882812,3282.78335571289,3,"ICOSLG","Cytoplasm"
"672",2,382,10079.3556043837,140026.672224257,2873.80004882812,3271.11666870117,3,"BID","Cytoplasm"
"673",2,382,10067.0804578993,140085.343061659,2861.52490234375,3329.78750610352,3,"HSD3B2","Cytoplasm"
"674",2,382,10069.3888075087,140048.388929579,2863.83325195312,3292.83337402344,3,"HLA-B","Nuclear"
"675",2,382,10042.7428114149,140026.168043349,2837.18725585938,3270.61248779297,3,"SMARCB1","Nuclear"
"676",2,382,10059.5223524306,140015.888899061,2853.966796875,3260.33334350586,3,"HSP90AB1","Cytoplasm"
"677",2,382,10063.3221571181,140038.655561659,2857.7666015625,3283.10000610352,3,"STAT6","Nuclear"
"678",2,382,10065.0953504774,140048.595533583,2859.53979492188,3293.03997802734,3,"NFKBIA","Nuclear"
"679",2,382,10076.3553602431,140051.130537245,2870.7998046875,3295.57498168945,3,"LTBR","Nuclear"
"680",2,382,10069.1053602431,140020.39307997,2863.5498046875,3264.83752441406,3,"AQP3","Membrane"
"681",2,382,10071.9356825087,140053.855543349,2866.38012695312,3298.29998779297,3,"EFNB2","Nuclear"
"682",2,382,10043.2557508681,140070.955549452,2837.7001953125,3315.39999389648,3,"MT2A","Nuclear"
"683",2,382,10062.4557020399,140040.715559218,2856.90014648438,3285.16000366211,3,"BMP5","Nuclear"
"684",2,382,10046.0555555556,140071.395582411,2840.5,3315.84002685547,3,"BID","Nuclear"
"685",2,382,10068.4557020399,140036.312696669,2862.90014648438,3280.75714111328,3,"CTSW","Nuclear"
"686",2,382,10066.5269911024,140019.426984999,2860.97143554688,3263.87142944336,3,"MZT2A","Cytoplasm"
"687",2,382,10069.9754774306,140021.455549452,2864.419921875,3265.89999389648,3,"MALAT1","Membrane"
"688",2,382,10066.1556532118,140029.305555556,2860.60009765625,3273.75,3,"S100A9","Nuclear"
"689",2,382,10073.5997450087,140027.777784559,2868.04418945312,3272.22222900391,3,"HMGB2","Cytoplasm"
"690",2,382,10051.5953504774,140054.275556776,2846.03979492188,3298.7200012207,3,"ITGB2","Nuclear"
"691",2,382,10066.2889539931,140076.411115858,2860.7333984375,3320.85556030273,3,"CD163","Membrane"
"692",2,382,10052.2984754774,140047.484113905,2846.74291992188,3291.92855834961,3,"PDGFC","Nuclear"
"693",2,382,10054.7157118056,140031.135572645,2849.16015625,3275.58001708984,3,"MMP14","Nuclear"
"694",2,382,10045.7154676649,140070.335554335,2840.15991210938,3314.7799987793,3,"HLA-A","Nuclear"
"695",2,382,10077.9334852431,140051.711134169,2872.3779296875,3296.15557861328,3,"FGFR1","Nuclear"
"696",2,382,10041.1156141493,140018.37556288,2835.56005859375,3262.82000732422,3,"IDO1","Nuclear"
"697",2,382,10052.4806043837,140051.280531141,2846.92504882812,3295.72497558594,3,"S100A9","Nuclear"
"698",2,382,10054.1554090712,140032.255537245,2848.59985351562,3276.69998168945,3,"MMP14","Nuclear"
"699",2,382,10042.9391004774,140065.705549452,2837.38354492188,3310.14999389648,2,"SAT1","Nuclear"
"700",2,382,10066.3153211806,140052.815565321,2860.759765625,3297.26000976562,2,"HLA-DPA1","Nuclear"
"701",2,382,10036.7555067274,140040.430555556,2831.19995117188,3284.875,2,"ARF1","Nuclear"
"702",2,382,10078.6754286024,140049.135542128,2873.11987304688,3293.57998657227,2,"WNT7A","Nuclear"
"703",2,382,10038.7555067274,140058.605573866,2833.19995117188,3303.05001831055,2,"IFITM3","Nuclear"
"704",2,382,10064.7806532118,140009.20557997,2859.22509765625,3253.65002441406,2,"IGHA1","Nuclear"
"705",2,382,10069.8055555556,140028.72221205,2864.25,3273.16665649414,2,"ANXA2","Cytoplasm"
"706",2,382,10079.3055555556,140029.580549452,2873.75,3274.02499389648,2,"AQP3","Cytoplasm"
"707",2,382,10069.2555067274,140046.715559218,2863.69995117188,3291.16000366211,2,"HLA-DRB1","Nuclear"
"708",2,382,10043.2223036024,140071.538892958,2837.66674804688,3315.98333740234,2,"MT2A","Nuclear"
"709",2,382,10055.2555067274,140030.655561659,2849.69995117188,3275.10000610352,2,"MMP14","Nuclear"
"710",2,382,10076.4464246962,140022.428297255,2870.89086914062,3266.87274169922,2,"MZT2A","Cytoplasm"
"711",2,382,10055.6891004774,140060.405561659,2850.13354492188,3304.85000610352,2,"CD74","Nuclear"
"712",2,382,10050.6720106337,140027.02223036,2845.11645507812,3271.46667480469,2,"HLA-B","Nuclear"
"713",2,382,10061.2557508681,140035.780561659,2855.7001953125,3280.22500610352,2,"CCL5","Nuclear"
"714",2,382,10071.3126356337,140054.784132216,2865.75708007812,3299.22857666016,2,"MET","Nuclear"
"715",2,382,10045.5721571181,140070.738905165,2840.0166015625,3315.18334960938,2,"HLA-A","Nuclear"
"716",2,382,10075.7755262587,140058.755567763,2870.21997070312,3303.20001220703,2,"GPX1","Nuclear"
"717",2,382,10047.7957899306,140077.255567763,2842.240234375,3321.70001220703,2,"MT2A","Nuclear"
"718",2,382,10042.5221082899,140066.72221205,2836.96655273438,3311.16665649414,2,"SAT1","Nuclear"
"719",2,382,10066.9334852431,140058.977766249,2861.3779296875,3303.42221069336,2,"ITGB2","Nuclear"
"720",2,382,10050.1056043837,140028.080549452,2844.55004882812,3272.52499389648,2,"HLA-B","Nuclear"
"721",2,382,10040.8333875868,140018.66663954,2835.27783203125,3263.11108398438,2,"TAGLN","Nuclear"
"722",2,382,10079.3387586806,140032.422224257,2873.783203125,3276.86666870117,2,"AATK","Cytoplasm"
"723",2,382,10057.3956434462,140015.155561659,2851.84008789062,3259.60000610352,2,"BIRC5","Nuclear"
"724",2,382,10061.7306043837,140020.230543349,2856.17504882812,3264.67498779297,2,"TNFRSF14","Cytoplasm"
"725",2,382,10053.8353407118,140075.335554335,2848.27978515625,3319.7799987793,2,"HLA-C","Nuclear"
"726",2,382,10052.8953993056,140070.835523817,2847.33984375,3315.27996826172,2,"HLA-C","Nuclear"
"727",2,382,10045.3556043837,140071.575575087,2839.80004882812,3316.02001953125,2,"HLA-A","Nuclear"
"728",2,382,10064.8055555556,140053.730573866,2859.25,3298.17501831055,2,"ICOSLG","Nuclear"
"729",2,382,10048.5267469618,140035.212721083,2842.97119140625,3279.65716552734,2,"MZT2A","Nuclear"
"730",2,382,10080.0269911024,140031.526991102,2874.47143554688,3275.97143554688,2,"AATK","Cytoplasm"
"731",2,382,10075.4432508681,140050.118055556,2869.8876953125,3294.5625,2,"IL15RA","Nuclear"
"732",2,382,10057.3412000868,140035.441267225,2851.78564453125,3279.88571166992,2,"WNT9A","Nuclear"
"733",2,382,10054.9554578993,140042.330549452,2849.39990234375,3286.77499389648,2,"RAC1","Nuclear"
"734",2,382,10043.3753797743,140031.755567763,2837.81982421875,3276.20001220703,2,"RPL22","Nuclear"
"735",2,382,10043.7269422743,140065.298414442,2838.17138671875,3309.74285888672,2,"CXCL16","Nuclear"
"736",2,382,10065.5953504774,140048.055555556,2860.03979492188,3292.5,2,"NFKBIA","Nuclear"
"737",2,382,10079.1554090712,140030.412702772,2873.59985351562,3274.8571472168,2,"AQP3","Cytoplasm"
"738",2,382,10047.5059950087,140029.418073866,2841.95043945312,3273.86251831055,2,"SRC","Nuclear"
"739",2,382,10042.8387586806,140017.438886854,2837.283203125,3261.88333129883,2,"MIF","Nuclear"
"740",2,382,10047.3553602431,140036.343061659,2841.7998046875,3280.78750610352,2,"MZT2A","Nuclear"
"741",2,382,10062.1654188368,140064.445570204,2856.60986328125,3308.89001464844,2,"MALAT1","Nuclear"
"742",2,382,10071.2154676649,140020.095533583,2865.65991210938,3264.53997802734,2,"MIF","Membrane"
"743",2,382,10055.6156141493,140041.475538466,2850.06005859375,3285.91998291016,6,"HSP90AB1","Nuclear"
"744",2,382,10076.6356336806,140053.315565321,2871.080078125,3297.76000976562,6,"PTTG1","Nuclear"
"745",2,382,10053.5804578993,140047.705549452,2848.02490234375,3292.14999389648,6,"DPP4","Nuclear"
"746",2,382,10072.5223524306,140074.572248671,2866.966796875,3319.01669311523,6,"GPX1","Cytoplasm"
"747",2,382,10064.5155164931,140083.215559218,2858.9599609375,3327.66000366211,6,"H4C3","Cytoplasm"
"748",2,382,10044.6156141493,140015.635542128,2839.06005859375,3260.07998657227,6,"HSPB1","Nuclear"
"749",2,382,10081.1983778212,140047.226972792,2875.64282226562,3291.67141723633,6,"MZT2A","Cytoplasm"
"750",2,382,10080.6429578993,140026.530531141,2875.08740234375,3270.97497558594,6,"MZT2A","Cytoplasm"
"751",2,382,10042.4803602431,140052.780561659,2836.9248046875,3297.22500610352,6,"GPX1","Nuclear"
"752",2,382,10060.3055555556,140079.605573866,2854.75,3324.05001831055,6,"CD24","Membrane"
"753",2,382,10080.1305067274,140050.730573866,2874.57495117188,3295.17501831055,6,"ESR1","Cytoplasm"
"754",2,382,10060.7957899306,140019.565565321,2855.240234375,3264.01000976562,6,"HLA-DRB5","Cytoplasm"
"755",2,382,10058.8553602431,140015.713880751,2853.2998046875,3260.15832519531,6,"HSP90AB1","Nuclear"
"756",2,382,10062.3055555556,140020.705549452,2856.75,3265.14999389648,6,"H4C3","Cytoplasm"
"757",2,382,10052.7755262587,140048.355543349,2847.21997070312,3292.79998779297,6,"DPP4","Nuclear"
"758",2,382,10066.7052137587,140057.655531141,2861.14965820312,3302.09997558594,6,"SERPINH1","Nuclear"
"759",2,382,10059.9305555556,140055.093061659,2854.375,3299.53750610352,6,"RPL22","Nuclear"
"760",2,382,10059.5555555556,140080.622236464,2854,3325.0666809082,6,"CD24","Membrane"
"761",2,382,10071.7154676649,140071.775526259,2866.15991210938,3316.21997070312,6,"S100A4","Cytoplasm"
"762",2,382,10074.1441786024,140037.866682265,2868.58862304688,3282.31112670898,6,"HLA-B","Cytoplasm"
"763",2,382,10070.4554578993,140057.675550673,2864.89990234375,3302.11999511719,6,"MIF","Nuclear"
"764",2,382,10063.7931043837,140078.443067763,2858.23754882812,3322.88751220703,6,"TNFRSF1B","Membrane"
"765",2,382,10041.0555555556,140034.988905165,2835.5,3279.43334960938,6,"KRT8","Nuclear"
"766",2,382,10077.1412489149,140046.998426649,2871.58569335938,3291.44287109375,6,"CLDN4","Nuclear"
"767",2,382,10057.3722059462,140024.338880751,2851.81665039062,3268.78332519531,6,"FABP5","Nuclear"
"768",2,382,10079.4303114149,140031.180555556,2873.87475585938,3275.625,6,"KIT","Cytoplasm"
"769",2,382,10071.5355360243,140045.815565321,2865.97998046875,3290.26000976562,6,"MALAT1","Nuclear"
"770",2,382,10055.3355848524,140079.635572645,2849.78002929688,3324.08001708984,6,"RPL21","Nuclear"
"771",2,382,10059.4124891493,140027.926984999,2853.85693359375,3272.37142944336,6,"CD63","Nuclear"
"772",2,382,10067.5887586806,140017.644453261,2862.033203125,3262.08889770508,6,"CUZD1","Cytoplasm"
"773",2,382,10034.0755750868,140027.135542128,2828.52001953125,3271.57998657227,6,"HMGB2","Nuclear"
"774",2,382,10062.9554578993,140011.055555556,2857.39990234375,3255.5,6,"EFNA1","Nuclear"
"775",2,382,10056.9356825087,140055.835554335,2851.38012695312,3300.2799987793,6,"RAMP3","Nuclear"
"776",2,382,10061.4698621962,140030.541242811,2855.91430664062,3274.98568725586,6,"EPOR","Nuclear"
"777",2,382,10079.6219618056,140036.333326552,2874.06640625,3280.77777099609,6,"MMP14","Cytoplasm"
"778",2,382,10066.7157118056,140016.895551893,2861.16015625,3261.33999633789,6,"BGN","Cytoplasm"
"779",2,382,10075.3267957899,140047.68415663,2869.77124023438,3292.12860107422,6,"MALAT1","Nuclear"
"780",2,382,10062.4154188368,140038.395551893,2856.85986328125,3282.83999633789,6,"NLRP2","Nuclear"
"781",2,382,10041.7757703993,140034.315565321,2836.22021484375,3278.76000976562,6,"KRT8","Nuclear"
"782",2,382,10050.0155164931,140016.835523817,2844.4599609375,3261.27996826172,6,"HSP90AB1","Nuclear"
"783",2,382,10051.5055067274,140073.705549452,2845.94995117188,3318.14999389648,6,"RPL37","Nuclear"
"784",2,382,10059.3839246962,140071.698408339,2853.82836914062,3316.1428527832,6,"CTNNB1","Nuclear"
"785",2,382,10061.9220106337,140023.100019667,2856.36645507812,3267.54446411133,6,"CD24","Nuclear"
"786",2,382,10072.2125379774,140079.426984999,2866.65698242188,3323.87142944336,6,"CALM2","Cytoplasm"
"787",2,382,10078.1805555556,140050.480543349,2872.625,3294.92498779297,6,"EFNA4","Nuclear"
"788",2,382,10054.1556532118,140026.605573866,2848.60009765625,3271.05001831055,6,"GSTP1","Nuclear"
"789",2,382,10050.3722059462,140032.50559828,2844.81665039062,3276.95004272461,6,"FABP5","Nuclear"
"790",2,382,10061.2269422743,140044.384138319,2855.67138671875,3288.82858276367,6,"TUBB","Nuclear"
"791",2,382,10064.5721571181,140031.838880751,2859.0166015625,3276.28332519531,6,"CD276","Nuclear"
"792",2,382,10053.7057020399,140023.755537245,2848.15014648438,3268.19998168945,6,"IFNGR2","Nuclear"
"793",2,382,10071.2679578993,140076.180555556,2865.71240234375,3320.625,6,"SOX4","Cytoplasm"
"794",2,382,10041.8556043837,140053.41273329,2836.30004882812,3297.85717773438,6,"GPX1","Nuclear"
"795",2,382,10047.2430555556,140010.230573866,2841.6875,3254.67501831055,6,"HSP90AB1","Nuclear"
"796",2,382,10071.9554578993,140036.699964735,2866.39990234375,3281.14440917969,6,"MZT2A","Nuclear"
"797",2,382,10073.8304578993,140050.280531141,2868.27490234375,3294.72497558594,6,"DNMT3A","Nuclear"
"798",2,382,10041.8556043837,140020.898390028,2836.30004882812,3265.34283447266,6,"HDAC1","Nuclear"
"799",2,382,10063.6724989149,140083.172224257,2858.11694335938,3327.61666870117,6,"H4C3","Cytoplasm"
"800",2,382,10033.9891493056,140037.888899061,2828.43359375,3282.33334350586,6,"HSPB1","Nuclear"
"801",2,382,10053.9806043837,140051.730573866,2848.42504882812,3296.17501831055,7,"KRT8","Nuclear"
"802",2,382,10049.0555555556,140041.155561659,2843.5,3285.60000610352,7,"MIF","Nuclear"
"803",2,382,10070.0182020399,140058.405561659,2864.46264648438,3302.85000610352,7,"MIF","Nuclear"
"804",2,382,10060.3055555556,140078.730543349,2854.75,3323.17498779297,7,"MIF","Membrane"
"805",2,382,10053.5055067274,140078.880567763,2847.94995117188,3323.32501220703,7,"H4C3","Nuclear"
"806",2,405,10002.8305555556,140035.705575556,2797.275,3280.15002,1,"WNT2","Nuclear"
"807",2,405,10003.1155555556,140014.915575556,2797.56,3259.36002,1,"EIF5A","Nuclear"
"808",2,405,10008.6222555556,140041.355575556,2803.0667,3285.80002,1,"CXCL12","Nuclear"
"809",2,405,10032.3805067274,140021.405561659,2826.82495117188,3265.85000610352,0,"ALCAM","Nuclear"
"810",2,405,10016.2931043837,140044.805555556,2810.73754882812,3289.25,0,"B2M","Nuclear"
"811",2,405,10027.0055067274,140019.188886854,2821.44995117188,3263.63333129883,0,"RARRES1","Nuclear"
"812",2,405,10035.0355360243,140018.335554335,2829.47998046875,3262.7799987793,0,"TNFRSF12A","Nuclear"
"813",2,405,10026.5555555556,140020.041242811,2821,3264.48568725586,0,"RARRES1","Nuclear"
"814",2,405,10006.3180067274,140022.668043349,2800.76245117188,3267.11248779297,0,"RPL22","Nuclear"
"815",2,405,10008.9183485243,140054.468031141,2803.36279296875,3298.91247558594,0,"RPL37","Nuclear"
"816",2,405,10017.6356336806,140028.915571425,2812.080078125,3273.36001586914,0,"MIF","Nuclear"
"817",2,405,10003.5555555556,140015.415571425,2798,3259.86001586914,4,"ACE","Nuclear"
"818",2,405,10013.1126844618,140019.455549452,2807.55712890625,3263.89999389648,4,"CALM1","Nuclear"
"819",2,405,10021.7269422743,140031.48417494,2816.17138671875,3275.92861938477,-1,"RSPO2","Nuclear"
"820",2,405,10006.8153211806,140040.265547011,2801.259765625,3284.70999145508,-1,"CXCL14","Nuclear"
"821",2,405,10012.5557996962,140046.315565321,2807.00024414062,3290.76000976562,-1,"NFKBIA","Nuclear"
"822",2,405,10006.2999403212,140049.088880751,2800.74438476562,3293.53332519531,-1,"CD3E","Nuclear"
"823",2,405,10004.3355848524,140019.315565321,2798.78002929688,3263.76000976562,5,"IGF2R","Nuclear"
"824",2,405,10018.5413953993,140019.726972792,2812.98583984375,3264.17141723633,5,"PTTG1","Nuclear"
"825",2,405,10010.2054578993,140020.555555556,2804.64990234375,3265,5,"SERPINH1","Nuclear"
"826",2,405,10001.6356336806,140027.655561659,2796.080078125,3272.10000610352,5,"RARA","Nuclear"
"827",2,405,10034.9806043837,140023.430555556,2829.42504882812,3267.875,5,"SAA1","Nuclear"
"828",2,405,10020.5887586806,140019.655531141,2815.033203125,3264.09997558594,5,"HSP90AA1","Nuclear"
"829",2,405,10003.5306532118,140024.180555556,2797.97509765625,3268.625,5,"ADGRG1","Nuclear"
"830",2,405,10026.8553602431,140020.255537245,2821.2998046875,3264.69998168945,3,"EZH2","Nuclear"
"831",2,405,10003.1053602431,140021.305555556,2797.5498046875,3265.75,3,"ITGB6","Nuclear"
"832",2,405,10007.5804578993,140017.955549452,2802.02490234375,3262.39999389648,3,"ITGA6","Nuclear"
"833",2,405,10022.4305555556,140039.555555556,2816.875,3284,2,"ADORA2A","Nuclear"
"834",2,405,10027.0555555556,140023.95557997,2821.5,3268.40002441406,2,"IFITM1","Nuclear"
"835",2,405,10004.7057020399,140027.08057997,2799.15014648438,3271.52502441406,2,"IFITM3","Nuclear"
"836",2,405,10008.6554090712,140041.37556288,2803.09985351562,3285.82000732422,2,"CXCL12","Nuclear"
"837",2,405,10011.6556532118,140036.505567763,2806.10009765625,3280.95001220703,2,"MIF","Nuclear"
"838",2,405,10010.8158094618,140019.655561659,2805.26025390625,3264.10000610352,2,"SOX9","Nuclear"
"839",2,405,10026.3697645399,140033.698408339,2820.81420898438,3278.1428527832,2,"PPARD","Nuclear"
"840",2,405,10002.4698621962,140029.355573866,2796.91430664062,3273.80001831055,2,"BAX","Nuclear"
"841",2,405,10022.1156141493,140018.495557997,2816.56005859375,3262.94000244141,2,"ITGAL","Nuclear"
"842",2,405,10026.5721571181,140024.905531141,2821.0166015625,3269.34997558594,2,"IFITM1","Nuclear"
"843",2,405,10001.8158094618,140030.715559218,2796.26025390625,3275.16000366211,2,"BAX","Nuclear"
"844",2,405,10025.6270887587,140023.498396132,2820.07153320312,3267.94284057617,6,"GSTP1","Nuclear"
"845",2,405,10031.8697645399,140018.055586073,2826.31420898438,3262.50003051758,6,"TUBB","Nuclear"
"846",2,405,10024.0557996962,140022.735548231,2818.50024414062,3267.17999267578,6,"LGALS1","Nuclear"
"847",2,405,10001.5355360243,140028.695539686,2795.97998046875,3273.13998413086,6,"RARA","Nuclear"
"848",2,405,10001.0352918837,140029.115553114,2795.47973632812,3273.55999755859,6,"TYK2","Nuclear"
"849",2,405,10004.4806043837,140018.468031141,2798.92504882812,3262.91247558594,7,"KRT8","Nuclear"
"850",2,409,10001.3953555556,140008.395555556,2795.8398,3252.84,1,"CD9","Nuclear"
"851",2,409,10002.0985243056,140009.5698683,2796.54296875,3254.01431274414,4,"IFITM1","Nuclear"
"852",2,409,10000.0057508681,140015.755537245,2794.4501953125,3260.19998168945,5,"ETS1","Nuclear"
"853",2,409,10000.0355360243,140006.395551893,2794.47998046875,3250.83999633789,3,"MAML2","Nuclear"
"854",2,409,10002.5267469618,140011.826978895,2796.97119140625,3256.27142333984,3,"DNMT1","Nuclear"
"855",2,409,10002.4557020399,140014.622205946,2796.90014648438,3259.06665039062,3,"FZD7","Nuclear"
"856",2,409,10001.4557020399,140009.45557997,2795.90014648438,3253.90002441406,2,"CD9","Nuclear"
"857",2,409,10003.1695692274,140013.469862196,2797.61401367188,3257.91430664062,6,"EIF5A","Nuclear"
"858",2,467,10035.8053555556,140008.655555556,2830.2498,3253.1,1,"PSAP","Nuclear"
"859",2,467,10013.1353895399,140014.775587294,2807.57983398438,3259.22003173828,0,"EPCAM","Nuclear"
"860",2,467,10007.5055067274,140003.755537245,2801.94995117188,3248.19998168945,0,"HLA-C","Nuclear"
"861",2,467,10047.6412489149,140006.655561659,2842.08569335938,3251.10000610352,0,"KRT18","Nuclear"
"862",2,467,10007.1554090712,140006.072248671,2801.59985351562,3250.51669311523,0,"HLA-C","Nuclear"
"863",2,467,10023.2413465712,140008.669813368,2817.68579101562,3253.1142578125,0,"IGFBP5","Nuclear"
"864",2,467,10017.4803602431,140010.655592177,2811.9248046875,3255.10003662109,0,"APP","Nuclear"
"865",2,467,10035.5755750868,140008.275556776,2830.02001953125,3252.7200012207,4,"H4C3","Nuclear"
"866",2,467,10031.6983778212,140013.912702772,2826.14282226562,3258.3571472168,4,"HSP90AB1","Nuclear"
"867",2,467,10027.0555555556,140005.422224257,2821.5,3249.86666870117,4,"ABL2","Nuclear"
"868",2,467,10015.1681043837,140011.180555556,2809.61254882812,3255.625,4,"H4C3","Nuclear"
"869",2,467,10032.5157606337,140009.595533583,2826.96020507812,3254.03997802734,4,"MIF","Nuclear"
"870",2,467,10024.4889051649,140015.138899061,2818.93334960938,3259.58334350586,4,"H4C3","Nuclear"
"871",2,467,10010.4932996962,140012.243055556,2804.93774414062,3256.6875,4,"HLA-C","Nuclear"
"872",2,467,10026.8956434462,140006.335523817,2821.34008789062,3250.77996826172,4,"ABL2","Nuclear"
"873",2,467,10035.0887586806,140009.02223036,2829.533203125,3253.46667480469,4,"H4C3","Nuclear"
"874",2,467,10023.4986707899,140011.598432753,2817.94311523438,3256.04287719727,-1,"RPL37","Nuclear"
"875",2,467,10034.4056532118,140007.780561659,2828.85009765625,3252.22500610352,-1,"CXCL14","Nuclear"
"876",2,467,10023.4356825087,140008.29554579,2817.88012695312,3252.73999023438,-1,"IGFBP5","Nuclear"
"877",2,467,10001.6356336806,140000.495557997,2796.080078125,3244.94000244141,-1,"CTSG","Nuclear"
"878",2,467,10041.7223036024,140006.377760145,2836.16674804688,3250.82220458984,-1,"TNFRSF19","Nuclear"
"879",2,467,10006.6754286024,140010.535566542,2801.11987304688,3254.98001098633,5,"IL13RA1","Nuclear"
"880",2,467,10017.7889539931,140006.70557997,2812.2333984375,3251.15002441406,5,"BMPR1A","Nuclear"
"881",2,467,10026.4557020399,140010.784101698,2820.90014648438,3255.22854614258,5,"DUSP5","Nuclear"
"882",2,467,10015.5958387587,140006.535566542,2810.04028320312,3250.98001098633,5,"CYSTM1","Nuclear"
"883",2,467,10018.8304578993,140014.855543349,2813.27490234375,3259.29998779297,5,"GPNMB","Nuclear"
"884",2,467,10028.2306043837,140015.130567763,2822.67504882812,3259.57501220703,5,"IFITM3","Nuclear"
"885",2,467,10022.3556043837,140001.97221205,2816.80004882812,3246.41665649414,5,"MZT2A","Nuclear"
"886",2,467,10032.8556043837,140017.37556288,2827.30004882812,3261.82000732422,5,"IDO1","Nuclear"
"887",2,467,10026.3556043837,140008.395551893,2820.80004882812,3252.83999633789,5,"H4C3","Nuclear"
"888",2,467,10027.0155164931,140004.435590956,2821.4599609375,3248.88003540039,5,"IFI27","Nuclear"
"889",2,467,10008.1891004774,140007.588880751,2802.63354492188,3252.03332519531,5,"CALM2","Nuclear"
"890",2,467,10033.8128797743,140009.398420546,2828.25732421875,3253.84286499023,5,"EZH2","Nuclear"
"891",2,467,10015.7223036024,140009.955549452,2810.16674804688,3254.39999389648,3,"H4C3","Nuclear"
"892",2,467,10034.7755262587,140002.835584852,2829.21997070312,3247.28002929688,3,"RPL22","Nuclear"
"893",2,467,10032.5555555556,140001.138899061,2827,3245.58334350586,3,"TPM2","Nuclear"
"894",2,467,10010.5555555556,140011.72221205,2805,3256.16665649414,3,"HLA-C","Nuclear"
"895",2,467,10031.3958875868,140006.995557997,2825.84033203125,3251.44000244141,3,"EZR","Nuclear"
"896",2,467,10037.3556043837,140016.535566542,2831.80004882812,3260.98001098633,3,"YES1","Nuclear"
"897",2,467,10047.7057020399,140006.588880751,2842.15014648438,3251.03332519531,3,"CCL20","Nuclear"
"898",2,467,10016.2552625868,140007.412702772,2810.69970703125,3251.8571472168,3,"SNAI2","Nuclear"
"899",2,467,10037.1756727431,140002.755567763,2831.6201171875,3247.20001220703,3,"MZT2A","Nuclear"
"900",2,467,10009.6807996962,140006.455549452,2804.12524414062,3250.89999389648,3,"IGFBP5","Nuclear"
"901",2,467,10020.6056043837,140017.39307997,2815.05004882812,3261.83752441406,3,"HSP90AB1","Nuclear"
"902",2,467,10046.3556043837,140003.822187636,2840.80004882812,3248.26663208008,3,"IFITM1","Nuclear"
"903",2,467,10034.4356825087,140004.535536024,2828.88012695312,3248.97998046875,3,"RPL22","Nuclear"
"904",2,467,10015.5755750868,140012.87556288,2810.02001953125,3257.32000732422,3,"COTL1","Nuclear"
"905",2,467,10047.1554090712,140001.622205946,2841.59985351562,3246.06665039062,3,"IFITM1","Nuclear"
"906",2,467,10006.5306532118,140007.805586073,2800.97509765625,3252.25003051758,3,"EZR","Nuclear"
"907",2,467,10010.1554090712,140012.20557997,2804.59985351562,3256.65002441406,2,"IGFBP3","Nuclear"
"908",2,467,10004.6099989149,140004.237379286,2799.05444335938,3248.68182373047,2,"CTNNB1","Nuclear"
"909",2,467,10035.4554578993,140009.105573866,2829.89990234375,3253.55001831055,2,"PSAP","Nuclear"
"910",2,467,10027.6307508681,140006.755567763,2822.0751953125,3251.20001220703,2,"H4C3","Nuclear"
"911",2,467,10016.4754774306,140011.135572645,2810.919921875,3255.58001708984,2,"COTL1","Nuclear"
"912",2,467,10006.4679090712,140008.355573866,2800.91235351562,3252.80001831055,2,"EZR","Nuclear"
"913",2,467,10017.8697645399,140002.141279433,2812.31420898438,3246.58572387695,2,"SLPI","Nuclear"
"914",2,467,10046.8807508681,140002.605543349,2841.3251953125,3247.04998779297,2,"IFITM1","Nuclear"
"915",2,467,10023.3556043837,140002.284132216,2817.80004882812,3246.72857666016,2,"DDR1","Nuclear"
"916",2,467,10032.4984266493,140004.426954481,2826.94287109375,3248.87139892578,6,"TUBB","Nuclear"
"917",2,467,10031.5697157118,140010.426954481,2826.01416015625,3254.87139892578,6,"H4C3","Nuclear"
"918",2,467,10008.6554090712,140010.855543349,2803.09985351562,3255.29998779297,6,"IGFBP3","Nuclear"
"919",2,467,10029.9554578993,140007.705549452,2824.39990234375,3252.14999389648,6,"PTGES3","Nuclear"
"920",2,467,10012.8929578993,140001.668043349,2807.33740234375,3246.11248779297,6,"HSPB1","Nuclear"
"921",2,467,10031.3719618056,140003.388899061,2825.81640625,3247.83334350586,6,"MZT2A","Nuclear"
"922",2,467,10003.8997938368,140002.52223036,2798.34423828125,3246.96667480469,6,"EIF5A","Nuclear"
"923",2,467,10019.9840223524,140008.998396132,2814.42846679688,3253.44284057617,6,"H2AZ1","Nuclear"
"924",2,467,10004.7755262587,140003.775526259,2799.21997070312,3248.21997070312,6,"SOX9","Nuclear"
"925",2,467,10004.2223036024,140006.705549452,2798.66674804688,3251.14999389648,6,"GSTP1","Nuclear"
"926",2,467,10015.0391981337,140002.20557997,2809.48364257812,3246.65002441406,6,"CALM2","Nuclear"
"927",2,467,10027.0333387587,140010.455549452,2821.47778320312,3254.89999389648,6,"HMGB2","Nuclear"
"928",2,467,10023.3355848524,140002.355543349,2817.78002929688,3246.79998779297,6,"KRT8","Nuclear"
"929",2,467,10001.5323621962,140004.347852919,2795.97680664062,3248.79229736328,6,"GPX1","Nuclear"
"930",2,467,10016.6222059462,140006.255537245,2811.06665039062,3250.69998168945,6,"DUSP5","Nuclear"
"931",2,467,10009.9554578993,140001.615553114,2804.39990234375,3246.05999755859,6,"CDH1","Nuclear"
"932",2,467,10041.8304578993,140001.855543349,2836.27490234375,3246.29998779297,6,"CD74","Nuclear"
"933",2,467,10012.2755262587,140002.435560438,2806.71997070312,3246.88000488281,6,"RPL34","Nuclear"
"934",2,467,10025.5306532118,140013.930555556,2819.97509765625,3258.375,6,"HSPA1B","Nuclear"
"935",2,467,10027.2953016493,140010.355543349,2821.73974609375,3254.79998779297,7,"HMGB2","Nuclear"
"936",2,467,10032.1305067274,140004.880567763,2826.57495117188,3249.32501220703,7,"TUBB","Nuclear"
"937",2,467,10023.7806532118,140012.130567763,2818.22509765625,3256.57501220703,7,"IDO1","Nuclear"
